1.000000000000000000e+00,3.000000000000000000e+00,1.000000000000000000e+00,-5.299999999999999822e+00,0.000000000000000000e+00,1.800000000000000044e+00,1.800000000000000044e+00,0.000000000000000000e+00,6.300000000000000000e+01,5.310000000000000000e+02
1.000000000000000000e+00,4.000000000000000000e+00,2.000000000000000000e+00,-8.800000000000000711e+00,0.000000000000000000e+00,0.000000000000000000e+00,0.000000000000000000e+00,1.000000000000000000e+00,5.000000000000000000e+01,8.040000000000000000e+02
1.000000000000000000e+00,5.000000000000000000e+00,3.000000000000000000e+00,-1.309999999999999964e+01,0.000000000000000000e+00,1.700000000000000000e+01,1.700000000000000000e+01,1.000000000000000000e+00,4.100000000000000000e+01,7.740000000000000000e+02
1.000000000000000000e+00,6.000000000000000000e+00,4.000000000000000000e+00,-2.799999999999999822e+00,2.680000000000000071e+01,4.000000000000000222e-01,2.719999999999999929e+01,8.000000000000000000e+00,6.900000000000000000e+01,1.580000000000000000e+02
1.000000000000000000e+00,0.000000000000000000e+00,5.000000000000000000e+00,-1.159999999999999964e+01,0.000000000000000000e+00,0.000000000000000000e+00,0.000000000000000000e+00,6.000000000000000000e+00,7.400000000000000000e+01,3.710000000000000000e+02
1.000000000000000000e+00,1.000000000000000000e+00,6.000000000000000000e+00,-1.390000000000000036e+01,0.000000000000000000e+00,2.200000000000000178e+00,2.200000000000000178e+00,6.000000000000000000e+00,3.200000000000000000e+01,7.280000000000000000e+02
1.000000000000000000e+00,2.000000000000000000e+00,7.000000000000000000e+00,-1.769999999999999929e+01,0.000000000000000000e+00,3.799999999999999822e+00,3.799999999999999822e+00,8.000000000000000000e+00,4.800000000000000000e+01,6.750000000000000000e+02
1.000000000000000000e+00,3.000000000000000000e+00,8.000000000000000000e+00,-1.750000000000000000e+01,0.000000000000000000e+00,2.200000000000000178e+00,2.200000000000000178e+00,1.000000000000000000e+01,5.000000000000000000e+01,6.760000000000000000e+02
1.000000000000000000e+00,4.000000000000000000e+00,9.000000000000000000e+00,-1.040000000000000036e+01,0.000000000000000000e+00,2.600000000000000089e+00,2.600000000000000089e+00,1.200000000000000000e+01,5.700000000000000000e+01,7.310000000000000000e+02
1.000000000000000000e+00,5.000000000000000000e+00,1.000000000000000000e+01,-1.119999999999999929e+01,0.000000000000000000e+00,4.000000000000000222e-01,4.000000000000000222e-01,7.000000000000000000e+00,5.000000000000000000e+01,3.010000000000000000e+02
1.000000000000000000e+00,6.000000000000000000e+00,1.100000000000000000e+01,-8.199999999999999289e+00,0.000000000000000000e+00,0.000000000000000000e+00,0.000000000000000000e+00,7.000000000000000000e+00,3.700000000000000000e+01,3.610000000000000000e+02
1.000000000000000000e+00,0.000000000000000000e+00,1.200000000000000000e+01,-9.400000000000000355e+00,0.000000000000000000e+00,4.200000000000000178e+00,4.200000000000000178e+00,7.000000000000000000e+00,4.100000000000000000e+01,1.204000000000000000e+03
1.000000000000000000e+00,1.000000000000000000e+00,1.300000000000000000e+01,-2.010000000000000142e+01,0.000000000000000000e+00,0.000000000000000000e+00,0.000000000000000000e+00,1.000000000000000000e+01,3.100000000000000000e+01,1.065000000000000000e+03
1.000000000000000000e+00,2.000000000000000000e+00,1.400000000000000000e+01,-1.889999999999999858e+01,0.000000000000000000e+00,0.000000000000000000e+00,0.000000000000000000e+00,1.000000000000000000e+01,3.100000000000000000e+01,1.225000000000000000e+03
1.000000000000000000e+00,3.000000000000000000e+00,1.500000000000000000e+01,-1.280000000000000071e+01,0.000000000000000000e+00,8.000000000000000444e-01,8.000000000000000444e-01,1.000000000000000000e+01,3.500000000000000000e+01,1.253000000000000000e+03
1.000000000000000000e+00,4.000000000000000000e+00,1.600000000000000000e+01,-1.130000000000000071e+01,0.000000000000000000e+00,1.399999999999999911e+00,1.399999999999999911e+00,1.100000000000000000e+01,6.100000000000000000e+01,1.207000000000000000e+03
1.000000000000000000e+00,5.000000000000000000e+00,1.700000000000000000e+01,-1.939999999999999858e+01,0.000000000000000000e+00,0.000000000000000000e+00,0.000000000000000000e+00,1.100000000000000000e+01,3.200000000000000000e+01,3.640000000000000000e+02
1.000000000000000000e+00,6.000000000000000000e+00,1.800000000000000000e+01,-6.299999999999999822e+00,0.000000000000000000e+00,4.400000000000000355e+00,5.000000000000000000e+00,1.100000000000000000e+01,4.100000000000000000e+01,5.570000000000000000e+02
1.000000000000000000e+00,0.000000000000000000e+00,1.900000000000000000e+01,-6.099999999999999645e+00,0.000000000000000000e+00,1.000000000000000000e+00,1.000000000000000000e+00,1.100000000000000000e+01,5.000000000000000000e+01,1.588000000000000000e+03
1.000000000000000000e+00,1.000000000000000000e+00,2.000000000000000000e+01,-1.600000000000000000e+01,0.000000000000000000e+00,0.000000000000000000e+00,0.000000000000000000e+00,1.100000000000000000e+01,4.400000000000000000e+01,1.665000000000000000e+03
1.000000000000000000e+00,2.000000000000000000e+00,2.100000000000000000e+01,-1.569999999999999929e+01,0.000000000000000000e+00,0.000000000000000000e+00,0.000000000000000000e+00,1.100000000000000000e+01,3.100000000000000000e+01,1.830000000000000000e+03
1.000000000000000000e+00,3.000000000000000000e+00,2.200000000000000000e+01,-1.369999999999999929e+01,0.000000000000000000e+00,0.000000000000000000e+00,0.000000000000000000e+00,1.100000000000000000e+01,3.100000000000000000e+01,2.184000000000000000e+03
1.000000000000000000e+00,4.000000000000000000e+00,2.300000000000000000e+01,-6.299999999999999822e+00,0.000000000000000000e+00,0.000000000000000000e+00,0.000000000000000000e+00,1.000000000000000000e+01,5.600000000000000000e+01,2.111000000000000000e+03
1.000000000000000000e+00,5.000000000000000000e+00,2.400000000000000000e+01,-1.800000000000000044e+00,0.000000000000000000e+00,4.000000000000000222e-01,4.000000000000000222e-01,1.000000000000000000e+01,3.900000000000000000e+01,1.125000000000000000e+03
1.000000000000000000e+00,6.000000000000000000e+00,2.500000000000000000e+01,-9.699999999999999289e+00,0.000000000000000000e+00,0.000000000000000000e+00,0.000000000000000000e+00,1.000000000000000000e+01,5.200000000000000000e+01,7.420000000000000000e+02
1.000000000000000000e+00,0.000000000000000000e+00,2.600000000000000000e+01,-1.810000000000000142e+01,0.000000000000000000e+00,0.000000000000000000e+00,0.000000000000000000e+00,1.000000000000000000e+01,4.800000000000000000e+01,1.963000000000000000e+03
1.000000000000000000e+00,1.000000000000000000e+00,2.700000000000000000e+01,-1.290000000000000036e+01,0.000000000000000000e+00,0.000000000000000000e+00,0.000000000000000000e+00,1.000000000000000000e+01,3.100000000000000000e+01,2.027000000000000000e+03
1.000000000000000000e+00,2.000000000000000000e+00,2.800000000000000000e+01,-1.190000000000000036e+01,0.000000000000000000e+00,0.000000000000000000e+00,0.000000000000000000e+00,1.000000000000000000e+01,3.100000000000000000e+01,2.192000000000000000e+03
1.000000000000000000e+00,3.000000000000000000e+00,2.900000000000000000e+01,-8.199999999999999289e+00,0.000000000000000000e+00,3.399999999999999911e+00,3.399999999999999911e+00,1.000000000000000000e+01,4.600000000000000000e+01,2.470000000000000000e+03
1.000000000000000000e+00,4.000000000000000000e+00,3.000000000000000000e+01,-1.040000000000000036e+01,0.000000000000000000e+00,4.799999999999999822e+00,4.799999999999999822e+00,1.300000000000000000e+01,3.900000000000000000e+01,1.511000000000000000e+03
1.000000000000000000e+00,5.000000000000000000e+00,3.100000000000000000e+01,-1.880000000000000071e+01,0.000000000000000000e+00,0.000000000000000000e+00,0.000000000000000000e+00,1.400000000000000000e+01,4.100000000000000000e+01,6.150000000000000000e+02
2.000000000000000000e+00,6.000000000000000000e+00,1.000000000000000000e+00,-1.719999999999999929e+01,0.000000000000000000e+00,0.000000000000000000e+00,0.000000000000000000e+00,1.400000000000000000e+01,3.500000000000000000e+01,5.660000000000000000e+02
2.000000000000000000e+00,0.000000000000000000e+00,2.000000000000000000e+00,-1.989999999999999858e+01,0.000000000000000000e+00,6.799999999999999822e+00,6.799999999999999822e+00,1.400000000000000000e+01,5.600000000000000000e+01,1.430000000000000000e+03
2.000000000000000000e+00,1.000000000000000000e+00,3.000000000000000000e+00,-1.650000000000000000e+01,0.000000000000000000e+00,5.999999999999999778e-01,5.999999999999999778e-01,1.200000000000000000e+01,3.100000000000000000e+01,1.774000000000000000e+03
2.000000000000000000e+00,2.000000000000000000e+00,4.000000000000000000e+00,-6.599999999999999645e+00,0.000000000000000000e+00,7.000000000000000000e+00,6.400000000000000355e+00,1.300000000000000000e+01,3.100000000000000000e+01,1.648000000000000000e+03
2.000000000000000000e+00,3.000000000000000000e+00,5.000000000000000000e+00,-1.469999999999999929e+01,0.000000000000000000e+00,2.000000000000000111e-01,2.000000000000000111e-01,1.700000000000000000e+01,3.200000000000000000e+01,1.802000000000000000e+03
2.000000000000000000e+00,4.000000000000000000e+00,6.000000000000000000e+00,-1.710000000000000142e+01,0.000000000000000000e+00,2.399999999999999911e+00,2.399999999999999911e+00,1.700000000000000000e+01,3.100000000000000000e+01,1.692000000000000000e+03
2.000000000000000000e+00,5.000000000000000000e+00,7.000000000000000000e+00,-1.519999999999999929e+01,0.000000000000000000e+00,2.000000000000000111e-01,2.000000000000000111e-01,1.800000000000000000e+01,3.300000000000000000e+01,6.390000000000000000e+02
2.000000000000000000e+00,6.000000000000000000e+00,8.000000000000000000e+00,-1.619999999999999929e+01,0.000000000000000000e+00,8.599999999999999645e+00,8.599999999999999645e+00,1.800000000000000000e+01,6.500000000000000000e+01,5.290000000000000000e+02
2.000000000000000000e+00,0.000000000000000000e+00,9.000000000000000000e+00,-1.369999999999999929e+01,0.000000000000000000e+00,4.000000000000000222e-01,4.000000000000000222e-01,1.600000000000000000e+01,5.900000000000000000e+01,1.194000000000000000e+03
2.000000000000000000e+00,1.000000000000000000e+00,1.000000000000000000e+01,-1.100000000000000000e+01,0.000000000000000000e+00,2.000000000000000111e-01,2.000000000000000111e-01,1.800000000000000000e+01,3.200000000000000000e+01,2.031000000000000000e+03
2.000000000000000000e+00,2.000000000000000000e+00,1.100000000000000000e+01,-1.430000000000000071e+01,0.000000000000000000e+00,2.200000000000000178e+00,2.200000000000000178e+00,1.800000000000000000e+01,3.300000000000000000e+01,2.039000000000000000e+03
2.000000000000000000e+00,3.000000000000000000e+00,1.200000000000000000e+01,-1.280000000000000071e+01,0.000000000000000000e+00,5.000000000000000000e+00,5.000000000000000000e+00,2.200000000000000000e+01,4.300000000000000000e+01,1.618000000000000000e+03
2.000000000000000000e+00,4.000000000000000000e+00,1.300000000000000000e+01,-2.089999999999999858e+01,0.000000000000000000e+00,0.000000000000000000e+00,0.000000000000000000e+00,2.300000000000000000e+01,4.300000000000000000e+01,1.326000000000000000e+03
2.000000000000000000e+00,5.000000000000000000e+00,1.400000000000000000e+01,-1.739999999999999858e+01,0.000000000000000000e+00,1.199999999999999956e+00,1.199999999999999956e+00,2.300000000000000000e+01,5.000000000000000000e+01,4.650000000000000000e+02
2.000000000000000000e+00,6.000000000000000000e+00,1.500000000000000000e+01,-1.789999999999999858e+01,0.000000000000000000e+00,0.000000000000000000e+00,0.000000000000000000e+00,1.900000000000000000e+01,5.700000000000000000e+01,9.020000000000000000e+02
2.000000000000000000e+00,0.000000000000000000e+00,1.600000000000000000e+01,-2.019999999999999929e+01,0.000000000000000000e+00,0.000000000000000000e+00,0.000000000000000000e+00,1.900000000000000000e+01,5.000000000000000000e+01,1.355000000000000000e+03
2.000000000000000000e+00,1.000000000000000000e+00,1.700000000000000000e+01,-1.860000000000000142e+01,0.000000000000000000e+00,0.000000000000000000e+00,0.000000000000000000e+00,1.800000000000000000e+01,3.100000000000000000e+01,1.721000000000000000e+03
2.000000000000000000e+00,2.000000000000000000e+00,1.800000000000000000e+01,-1.430000000000000071e+01,0.000000000000000000e+00,2.000000000000000111e-01,2.000000000000000111e-01,1.800000000000000000e+01,3.100000000000000000e+01,1.989000000000000000e+03
2.000000000000000000e+00,3.000000000000000000e+00,1.900000000000000000e+01,-1.330000000000000071e+01,0.000000000000000000e+00,6.000000000000000000e+00,6.000000000000000000e+00,1.900000000000000000e+01,5.700000000000000000e+01,1.413000000000000000e+03
2.000000000000000000e+00,4.000000000000000000e+00,2.000000000000000000e+01,-1.710000000000000142e+01,0.000000000000000000e+00,1.600000000000000089e+00,1.600000000000000089e+00,1.600000000000000000e+01,5.900000000000000000e+01,8.410000000000000000e+02
2.000000000000000000e+00,5.000000000000000000e+00,2.100000000000000000e+01,-1.259999999999999964e+01,0.000000000000000000e+00,4.000000000000000000e+00,4.000000000000000000e+00,1.500000000000000000e+01,3.100000000000000000e+01,4.700000000000000000e+02
2.000000000000000000e+00,6.000000000000000000e+00,2.200000000000000000e+01,-7.599999999999999645e+00,0.000000000000000000e+00,1.199999999999999956e+00,1.199999999999999956e+00,1.900000000000000000e+01,5.000000000000000000e+01,5.130000000000000000e+02
2.000000000000000000e+00,0.000000000000000000e+00,2.300000000000000000e+01,-1.789999999999999858e+01,0.000000000000000000e+00,0.000000000000000000e+00,0.000000000000000000e+00,1.800000000000000000e+01,5.000000000000000000e+01,1.161000000000000000e+03
2.000000000000000000e+00,1.000000000000000000e+00,2.400000000000000000e+01,-1.710000000000000142e+01,0.000000000000000000e+00,0.000000000000000000e+00,0.000000000000000000e+00,1.600000000000000000e+01,4.100000000000000000e+01,1.483000000000000000e+03
2.000000000000000000e+00,2.000000000000000000e+00,2.500000000000000000e+01,-1.109999999999999964e+01,0.000000000000000000e+00,8.000000000000000444e-01,5.999999999999999778e-01,1.600000000000000000e+01,3.100000000000000000e+01,1.488000000000000000e+03
2.000000000000000000e+00,3.000000000000000000e+00,2.600000000000000000e+01,-1.710000000000000142e+01,0.000000000000000000e+00,0.000000000000000000e+00,0.000000000000000000e+00,1.600000000000000000e+01,3.100000000000000000e+01,1.375000000000000000e+03
2.000000000000000000e+00,4.000000000000000000e+00,2.700000000000000000e+01,-1.569999999999999929e+01,0.000000000000000000e+00,0.000000000000000000e+00,0.000000000000000000e+00,1.600000000000000000e+01,4.600000000000000000e+01,1.531000000000000000e+03
2.000000000000000000e+00,5.000000000000000000e+00,2.800000000000000000e+01,-1.130000000000000071e+01,0.000000000000000000e+00,0.000000000000000000e+00,0.000000000000000000e+00,1.500000000000000000e+01,4.400000000000000000e+01,8.270000000000000000e+02
3.000000000000000000e+00,6.000000000000000000e+00,1.000000000000000000e+00,-1.040000000000000036e+01,0.000000000000000000e+00,2.000000000000000111e-01,2.000000000000000111e-01,1.400000000000000000e+01,3.100000000000000000e+01,7.550000000000000000e+02
3.000000000000000000e+00,0.000000000000000000e+00,2.000000000000000000e+00,-7.200000000000000178e+00,0.000000000000000000e+00,1.000000000000000000e+00,1.000000000000000000e+00,1.400000000000000000e+01,6.700000000000000000e+01,1.615000000000000000e+03
3.000000000000000000e+00,1.000000000000000000e+00,3.000000000000000000e+00,-1.140000000000000036e+01,0.000000000000000000e+00,6.000000000000000000e+00,6.000000000000000000e+00,1.500000000000000000e+01,4.300000000000000000e+01,1.723000000000000000e+03
3.000000000000000000e+00,2.000000000000000000e+00,4.000000000000000000e+00,-2.000000000000000000e+00,0.000000000000000000e+00,0.000000000000000000e+00,0.000000000000000000e+00,1.800000000000000000e+01,6.100000000000000000e+01,1.516000000000000000e+03
3.000000000000000000e+00,3.000000000000000000e+00,5.000000000000000000e+00,-1.219999999999999929e+01,0.000000000000000000e+00,5.999999999999999778e-01,4.000000000000000222e-01,1.700000000000000000e+01,4.100000000000000000e+01,1.896000000000000000e+03
3.000000000000000000e+00,4.000000000000000000e+00,6.000000000000000000e+00,-1.380000000000000071e+01,0.000000000000000000e+00,0.000000000000000000e+00,0.000000000000000000e+00,1.700000000000000000e+01,5.000000000000000000e+01,1.653000000000000000e+03
3.000000000000000000e+00,5.000000000000000000e+00,7.000000000000000000e+00,-7.799999999999999822e+00,0.000000000000000000e+00,4.000000000000000222e-01,4.000000000000000222e-01,1.600000000000000000e+01,4.100000000000000000e+01,1.074000000000000000e+03
3.000000000000000000e+00,6.000000000000000000e+00,8.000000000000000000e+00,-3.399999999999999911e+00,0.000000000000000000e+00,8.000000000000000444e-01,8.000000000000000444e-01,1.700000000000000000e+01,3.700000000000000000e+01,7.950000000000000000e+02
3.000000000000000000e+00,0.000000000000000000e+00,9.000000000000000000e+00,-5.000000000000000000e-01,0.000000000000000000e+00,1.800000000000000044e+00,1.800000000000000044e+00,1.900000000000000000e+01,5.200000000000000000e+01,2.626000000000000000e+03
3.000000000000000000e+00,1.000000000000000000e+00,1.000000000000000000e+01,1.899999999999999911e+00,0.000000000000000000e+00,0.000000000000000000e+00,0.000000000000000000e+00,1.900000000000000000e+01,3.300000000000000000e+01,3.929000000000000000e+03
3.000000000000000000e+00,2.000000000000000000e+00,1.100000000000000000e+01,3.799999999999999822e+00,0.000000000000000000e+00,0.000000000000000000e+00,0.000000000000000000e+00,1.100000000000000000e+01,5.400000000000000000e+01,5.243000000000000000e+03
3.000000000000000000e+00,3.000000000000000000e+00,1.200000000000000000e+01,-4.599999999999999645e+00,0.000000000000000000e+00,0.000000000000000000e+00,0.000000000000000000e+00,4.000000000000000000e+00,5.700000000000000000e+01,4.192000000000000000e+03
3.000000000000000000e+00,4.000000000000000000e+00,1.300000000000000000e+01,-6.000000000000000000e+00,0.000000000000000000e+00,0.000000000000000000e+00,0.000000000000000000e+00,1.000000000000000000e+00,3.100000000000000000e+01,3.810000000000000000e+03
3.000000000000000000e+00,5.000000000000000000e+00,1.400000000000000000e+01,-1.500000000000000000e+00,1.000000000000000000e+00,7.400000000000000355e+00,9.000000000000000000e+00,1.000000000000000000e+00,4.400000000000000000e+01,1.666000000000000000e+03
3.000000000000000000e+00,6.000000000000000000e+00,1.500000000000000000e+01,-4.099999999999999645e+00,0.000000000000000000e+00,2.000000000000000000e+00,2.000000000000000000e+00,8.000000000000000000e+00,5.400000000000000000e+01,5.500000000000000000e+02
3.000000000000000000e+00,0.000000000000000000e+00,1.600000000000000000e+01,-4.599999999999999645e+00,0.000000000000000000e+00,0.000000000000000000e+00,0.000000000000000000e+00,8.000000000000000000e+00,3.100000000000000000e+01,2.359000000000000000e+03
3.000000000000000000e+00,1.000000000000000000e+00,1.700000000000000000e+01,-3.200000000000000178e+00,0.000000000000000000e+00,1.800000000000000044e+00,1.800000000000000044e+00,4.000000000000000000e+00,7.200000000000000000e+01,2.760000000000000000e+03
3.000000000000000000e+00,2.000000000000000000e+00,1.800000000000000000e+01,-8.500000000000000000e+00,0.000000000000000000e+00,0.000000000000000000e+00,0.000000000000000000e+00,4.000000000000000000e+00,5.700000000000000000e+01,2.837000000000000000e+03
3.000000000000000000e+00,3.000000000000000000e+00,1.900000000000000000e+01,-7.400000000000000355e+00,0.000000000000000000e+00,0.000000000000000000e+00,0.000000000000000000e+00,4.000000000000000000e+00,5.000000000000000000e+01,3.125000000000000000e+03
3.000000000000000000e+00,4.000000000000000000e+00,2.000000000000000000e+01,-3.399999999999999911e+00,0.000000000000000000e+00,0.000000000000000000e+00,0.000000000000000000e+00,3.000000000000000000e+00,3.200000000000000000e+01,3.635000000000000000e+03
3.000000000000000000e+00,5.000000000000000000e+00,2.100000000000000000e+01,-4.299999999999999822e+00,0.000000000000000000e+00,3.799999999999999822e+00,7.400000000000000355e+00,3.000000000000000000e+00,6.700000000000000000e+01,1.342000000000000000e+03
3.000000000000000000e+00,6.000000000000000000e+00,2.200000000000000000e+01,-1.219999999999999929e+01,0.000000000000000000e+00,0.000000000000000000e+00,0.000000000000000000e+00,5.000000000000000000e+00,3.100000000000000000e+01,8.080000000000000000e+02
3.000000000000000000e+00,0.000000000000000000e+00,2.300000000000000000e+01,-1.100000000000000000e+01,0.000000000000000000e+00,0.000000000000000000e+00,0.000000000000000000e+00,0.000000000000000000e+00,4.600000000000000000e+01,2.500000000000000000e+03
3.000000000000000000e+00,1.000000000000000000e+00,2.400000000000000000e+01,-6.700000000000000178e+00,0.000000000000000000e+00,0.000000000000000000e+00,0.000000000000000000e+00,3.000000000000000000e+00,3.100000000000000000e+01,4.000000000000000000e+03
3.000000000000000000e+00,2.000000000000000000e+00,2.500000000000000000e+01,-9.000000000000000222e-01,5.999999999999999778e-01,0.000000000000000000e+00,5.999999999999999778e-01,3.000000000000000000e+00,4.800000000000000000e+01,5.005000000000000000e+03
3.000000000000000000e+00,3.000000000000000000e+00,2.600000000000000000e+01,3.200000000000000178e+00,1.399999999999999911e+00,0.000000000000000000e+00,1.399999999999999911e+00,0.000000000000000000e+00,4.600000000000000000e+01,4.350000000000000000e+03
3.000000000000000000e+00,4.000000000000000000e+00,2.700000000000000000e+01,-1.699999999999999956e+00,4.000000000000000222e-01,3.600000000000000089e+00,3.399999999999999911e+00,0.000000000000000000e+00,3.500000000000000000e+01,3.687000000000000000e+03
3.000000000000000000e+00,5.000000000000000000e+00,2.800000000000000000e+01,-5.599999999999999645e+00,0.000000000000000000e+00,0.000000000000000000e+00,0.000000000000000000e+00,3.000000000000000000e+00,3.700000000000000000e+01,2.629000000000000000e+03
3.000000000000000000e+00,6.000000000000000000e+00,2.900000000000000000e+01,-3.299999999999999822e+00,0.000000000000000000e+00,0.000000000000000000e+00,0.000000000000000000e+00,0.000000000000000000e+00,4.400000000000000000e+01,3.064000000000000000e+03
3.000000000000000000e+00,0.000000000000000000e+00,3.000000000000000000e+01,1.699999999999999956e+00,1.000000000000000000e+00,1.000000000000000000e+00,2.000000000000000000e+00,0.000000000000000000e+00,5.900000000000000000e+01,3.720000000000000000e+03
3.000000000000000000e+00,1.000000000000000000e+00,3.100000000000000000e+01,-1.399999999999999911e+00,0.000000000000000000e+00,0.000000000000000000e+00,0.000000000000000000e+00,0.000000000000000000e+00,4.400000000000000000e+01,6.409000000000000000e+03
4.000000000000000000e+00,2.000000000000000000e+00,1.000000000000000000e+00,-2.399999999999999911e+00,0.000000000000000000e+00,0.000000000000000000e+00,0.000000000000000000e+00,0.000000000000000000e+00,4.300000000000000000e+01,8.817000000000000000e+03
4.000000000000000000e+00,3.000000000000000000e+00,2.000000000000000000e+00,3.700000000000000178e+00,3.000000000000000000e+00,0.000000000000000000e+00,3.000000000000000000e+00,0.000000000000000000e+00,4.100000000000000000e+01,9.652000000000000000e+03
4.000000000000000000e+00,4.000000000000000000e+00,3.000000000000000000e+00,9.000000000000000000e+00,4.200000000000000178e+00,0.000000000000000000e+00,4.200000000000000178e+00,0.000000000000000000e+00,4.800000000000000000e+01,1.198900000000000000e+04
4.000000000000000000e+00,5.000000000000000000e+00,4.000000000000000000e+00,5.000000000000000000e-01,4.599999999999999645e+00,4.400000000000000355e+00,9.400000000000000355e+00,2.000000000000000000e+00,5.600000000000000000e+01,2.498000000000000000e+03
4.000000000000000000e+00,6.000000000000000000e+00,5.000000000000000000e+00,-2.200000000000000178e+00,0.000000000000000000e+00,0.000000000000000000e+00,0.000000000000000000e+00,2.000000000000000000e+00,5.200000000000000000e+01,3.202000000000000000e+03
4.000000000000000000e+00,0.000000000000000000e+00,6.000000000000000000e+00,-1.699999999999999956e+00,0.000000000000000000e+00,5.999999999999999778e-01,5.999999999999999778e-01,0.000000000000000000e+00,3.200000000000000000e+01,5.153000000000000000e+03
4.000000000000000000e+00,1.000000000000000000e+00,7.000000000000000000e+00,9.000000000000000222e-01,0.000000000000000000e+00,0.000000000000000000e+00,0.000000000000000000e+00,0.000000000000000000e+00,3.900000000000000000e+01,1.365400000000000000e+04
4.000000000000000000e+00,2.000000000000000000e+00,8.000000000000000000e+00,1.399999999999999911e+00,0.000000000000000000e+00,3.200000000000000178e+00,3.200000000000000178e+00,0.000000000000000000e+00,3.900000000000000000e+01,1.400700000000000000e+04
4.000000000000000000e+00,3.000000000000000000e+00,9.000000000000000000e+00,3.600000000000000089e+00,6.599999999999999645e+00,0.000000000000000000e+00,6.599999999999999645e+00,1.000000000000000000e+00,5.600000000000000000e+01,1.480600000000000000e+04
4.000000000000000000e+00,4.000000000000000000e+00,1.000000000000000000e+01,7.299999999999999822e+00,1.200000000000000000e+01,0.000000000000000000e+00,1.200000000000000000e+01,0.000000000000000000e+00,7.600000000000000000e+01,8.682000000000000000e+03
4.000000000000000000e+00,5.000000000000000000e+00,1.100000000000000000e+01,5.500000000000000000e+00,0.000000000000000000e+00,0.000000000000000000e+00,0.000000000000000000e+00,0.000000000000000000e+00,6.700000000000000000e+01,9.872000000000000000e+03
4.000000000000000000e+00,6.000000000000000000e+00,1.200000000000000000e+01,9.599999999999999645e+00,0.000000000000000000e+00,0.000000000000000000e+00,0.000000000000000000e+00,0.000000000000000000e+00,4.300000000000000000e+01,2.032200000000000000e+04
4.000000000000000000e+00,0.000000000000000000e+00,1.300000000000000000e+01,1.209999999999999964e+01,4.000000000000000000e+00,0.000000000000000000e+00,4.000000000000000000e+00,0.000000000000000000e+00,7.000000000000000000e+01,3.255000000000000000e+04
4.000000000000000000e+00,1.000000000000000000e+00,1.400000000000000000e+01,1.109999999999999964e+01,0.000000000000000000e+00,0.000000000000000000e+00,0.000000000000000000e+00,0.000000000000000000e+00,6.100000000000000000e+01,3.048000000000000000e+04
4.000000000000000000e+00,2.000000000000000000e+00,1.500000000000000000e+01,7.900000000000000355e+00,0.000000000000000000e+00,0.000000000000000000e+00,0.000000000000000000e+00,0.000000000000000000e+00,3.700000000000000000e+01,3.455500000000000000e+04
4.000000000000000000e+00,3.000000000000000000e+00,1.600000000000000000e+01,8.000000000000000000e+00,0.000000000000000000e+00,0.000000000000000000e+00,0.000000000000000000e+00,0.000000000000000000e+00,5.000000000000000000e+01,3.646500000000000000e+04
4.000000000000000000e+00,4.000000000000000000e+00,1.700000000000000000e+01,1.330000000000000071e+01,0.000000000000000000e+00,0.000000000000000000e+00,0.000000000000000000e+00,0.000000000000000000e+00,5.000000000000000000e+01,3.501000000000000000e+04
4.000000000000000000e+00,5.000000000000000000e+00,1.800000000000000000e+01,6.200000000000000178e+00,0.000000000000000000e+00,0.000000000000000000e+00,0.000000000000000000e+00,0.000000000000000000e+00,4.800000000000000000e+01,1.518300000000000000e+04
4.000000000000000000e+00,6.000000000000000000e+00,1.900000000000000000e+01,6.400000000000000355e+00,0.000000000000000000e+00,0.000000000000000000e+00,0.000000000000000000e+00,0.000000000000000000e+00,3.900000000000000000e+01,2.626400000000000000e+04
4.000000000000000000e+00,0.000000000000000000e+00,2.000000000000000000e+01,7.599999999999999645e+00,1.240000000000000036e+01,0.000000000000000000e+00,1.240000000000000036e+01,0.000000000000000000e+00,5.600000000000000000e+01,1.525600000000000000e+04
4.000000000000000000e+00,1.000000000000000000e+00,2.100000000000000000e+01,8.400000000000000355e+00,1.760000000000000142e+01,0.000000000000000000e+00,1.760000000000000142e+01,0.000000000000000000e+00,5.600000000000000000e+01,1.566200000000000000e+04
4.000000000000000000e+00,2.000000000000000000e+00,2.200000000000000000e+01,6.900000000000000355e+00,3.000000000000000000e+00,0.000000000000000000e+00,3.000000000000000000e+00,0.000000000000000000e+00,4.600000000000000000e+01,2.078900000000000000e+04
4.000000000000000000e+00,3.000000000000000000e+00,2.300000000000000000e+01,4.099999999999999645e+00,2.200000000000000178e+00,0.000000000000000000e+00,2.200000000000000178e+00,0.000000000000000000e+00,5.600000000000000000e+01,1.787900000000000000e+04
4.000000000000000000e+00,4.000000000000000000e+00,2.400000000000000000e+01,2.500000000000000000e+00,0.000000000000000000e+00,0.000000000000000000e+00,0.000000000000000000e+00,0.000000000000000000e+00,4.400000000000000000e+01,1.931300000000000000e+04
4.000000000000000000e+00,5.000000000000000000e+00,2.500000000000000000e+01,6.400000000000000355e+00,0.000000000000000000e+00,0.000000000000000000e+00,0.000000000000000000e+00,0.000000000000000000e+00,4.100000000000000000e+01,1.717200000000000000e+04
4.000000000000000000e+00,6.000000000000000000e+00,2.600000000000000000e+01,7.799999999999999822e+00,0.000000000000000000e+00,0.000000000000000000e+00,0.000000000000000000e+00,0.000000000000000000e+00,3.200000000000000000e+01,2.044500000000000000e+04
4.000000000000000000e+00,0.000000000000000000e+00,2.700000000000000000e+01,1.000000000000000000e+01,8.000000000000000444e-01,0.000000000000000000e+00,8.000000000000000444e-01,0.000000000000000000e+00,4.100000000000000000e+01,2.489900000000000000e+04
4.000000000000000000e+00,1.000000000000000000e+00,2.800000000000000000e+01,1.169999999999999929e+01,0.000000000000000000e+00,0.000000000000000000e+00,0.000000000000000000e+00,0.000000000000000000e+00,3.500000000000000000e+01,4.743900000000000000e+04
4.000000000000000000e+00,2.000000000000000000e+00,2.900000000000000000e+01,1.150000000000000000e+01,0.000000000000000000e+00,0.000000000000000000e+00,0.000000000000000000e+00,0.000000000000000000e+00,3.700000000000000000e+01,4.704300000000000000e+04
4.000000000000000000e+00,3.000000000000000000e+00,3.000000000000000000e+01,1.130000000000000071e+01,0.000000000000000000e+00,0.000000000000000000e+00,0.000000000000000000e+00,0.000000000000000000e+00,4.300000000000000000e+01,4.780800000000000000e+04
5.000000000000000000e+00,4.000000000000000000e+00,1.000000000000000000e+00,1.350000000000000000e+01,0.000000000000000000e+00,0.000000000000000000e+00,0.000000000000000000e+00,0.000000000000000000e+00,3.100000000000000000e+01,5.117800000000000000e+04
5.000000000000000000e+00,5.000000000000000000e+00,2.000000000000000000e+00,1.550000000000000000e+01,0.000000000000000000e+00,0.000000000000000000e+00,0.000000000000000000e+00,0.000000000000000000e+00,3.500000000000000000e+01,4.788300000000000000e+04
5.000000000000000000e+00,6.000000000000000000e+00,3.000000000000000000e+00,1.780000000000000071e+01,0.000000000000000000e+00,0.000000000000000000e+00,0.000000000000000000e+00,0.000000000000000000e+00,3.500000000000000000e+01,5.120900000000000000e+04
5.000000000000000000e+00,0.000000000000000000e+00,4.000000000000000000e+00,2.069999999999999929e+01,1.600000000000000089e+00,0.000000000000000000e+00,1.600000000000000089e+00,0.000000000000000000e+00,7.200000000000000000e+01,5.566700000000000000e+04
5.000000000000000000e+00,1.000000000000000000e+00,5.000000000000000000e+00,1.490000000000000036e+01,0.000000000000000000e+00,0.000000000000000000e+00,0.000000000000000000e+00,0.000000000000000000e+00,4.400000000000000000e+01,6.635700000000000000e+04
5.000000000000000000e+00,2.000000000000000000e+00,6.000000000000000000e+00,1.600000000000000000e+01,0.000000000000000000e+00,0.000000000000000000e+00,0.000000000000000000e+00,0.000000000000000000e+00,4.400000000000000000e+01,6.702500000000000000e+04
5.000000000000000000e+00,3.000000000000000000e+00,7.000000000000000000e+00,1.919999999999999929e+01,0.000000000000000000e+00,0.000000000000000000e+00,0.000000000000000000e+00,0.000000000000000000e+00,3.700000000000000000e+01,7.015200000000000000e+04
5.000000000000000000e+00,4.000000000000000000e+00,8.000000000000000000e+00,2.100000000000000000e+01,0.000000000000000000e+00,0.000000000000000000e+00,0.000000000000000000e+00,0.000000000000000000e+00,3.100000000000000000e+01,6.959400000000000000e+04
5.000000000000000000e+00,5.000000000000000000e+00,9.000000000000000000e+00,2.050000000000000000e+01,9.800000000000000711e+00,0.000000000000000000e+00,9.800000000000000711e+00,0.000000000000000000e+00,6.500000000000000000e+01,3.618700000000000000e+04
5.000000000000000000e+00,6.000000000000000000e+00,1.000000000000000000e+01,1.930000000000000071e+01,1.399999999999999911e+00,0.000000000000000000e+00,1.399999999999999911e+00,0.000000000000000000e+00,3.900000000000000000e+01,2.558700000000000000e+04
5.000000000000000000e+00,0.000000000000000000e+00,1.100000000000000000e+01,1.090000000000000036e+01,1.760000000000000142e+01,0.000000000000000000e+00,1.760000000000000142e+01,0.000000000000000000e+00,4.400000000000000000e+01,1.667900000000000000e+04
5.000000000000000000e+00,1.000000000000000000e+00,1.200000000000000000e+01,1.590000000000000036e+01,0.000000000000000000e+00,0.000000000000000000e+00,0.000000000000000000e+00,0.000000000000000000e+00,8.000000000000000000e+01,3.248000000000000000e+04
5.000000000000000000e+00,2.000000000000000000e+00,1.300000000000000000e+01,1.209999999999999964e+01,0.000000000000000000e+00,0.000000000000000000e+00,0.000000000000000000e+00,0.000000000000000000e+00,4.100000000000000000e+01,6.025200000000000000e+04
5.000000000000000000e+00,3.000000000000000000e+00,1.400000000000000000e+01,1.219999999999999929e+01,0.000000000000000000e+00,0.000000000000000000e+00,0.000000000000000000e+00,0.000000000000000000e+00,4.100000000000000000e+01,6.564900000000000000e+04
5.000000000000000000e+00,4.000000000000000000e+00,1.500000000000000000e+01,1.430000000000000071e+01,0.000000000000000000e+00,0.000000000000000000e+00,0.000000000000000000e+00,0.000000000000000000e+00,3.100000000000000000e+01,5.753500000000000000e+04
5.000000000000000000e+00,5.000000000000000000e+00,1.600000000000000000e+01,1.769999999999999929e+01,0.000000000000000000e+00,0.000000000000000000e+00,0.000000000000000000e+00,0.000000000000000000e+00,3.100000000000000000e+01,2.906300000000000000e+04
5.000000000000000000e+00,6.000000000000000000e+00,1.700000000000000000e+01,1.930000000000000071e+01,0.000000000000000000e+00,0.000000000000000000e+00,0.000000000000000000e+00,0.000000000000000000e+00,3.100000000000000000e+01,5.613100000000000000e+04
5.000000000000000000e+00,0.000000000000000000e+00,1.800000000000000000e+01,2.060000000000000142e+01,9.400000000000000355e+00,0.000000000000000000e+00,9.400000000000000355e+00,0.000000000000000000e+00,4.600000000000000000e+01,4.810000000000000000e+04
5.000000000000000000e+00,1.000000000000000000e+00,1.900000000000000000e+01,1.939999999999999858e+01,0.000000000000000000e+00,0.000000000000000000e+00,0.000000000000000000e+00,0.000000000000000000e+00,6.900000000000000000e+01,5.106100000000000000e+04
5.000000000000000000e+00,2.000000000000000000e+00,2.000000000000000000e+01,1.119999999999999929e+01,0.000000000000000000e+00,0.000000000000000000e+00,0.000000000000000000e+00,0.000000000000000000e+00,5.400000000000000000e+01,5.629800000000000000e+04
5.000000000000000000e+00,3.000000000000000000e+00,2.100000000000000000e+01,1.390000000000000036e+01,0.000000000000000000e+00,0.000000000000000000e+00,0.000000000000000000e+00,0.000000000000000000e+00,4.300000000000000000e+01,6.047000000000000000e+04
5.000000000000000000e+00,4.000000000000000000e+00,2.200000000000000000e+01,8.599999999999999645e+00,4.000000000000000222e-01,0.000000000000000000e+00,4.000000000000000222e-01,0.000000000000000000e+00,5.400000000000000000e+01,4.529500000000000000e+04
5.000000000000000000e+00,5.000000000000000000e+00,2.300000000000000000e+01,1.000000000000000000e+01,0.000000000000000000e+00,0.000000000000000000e+00,0.000000000000000000e+00,0.000000000000000000e+00,6.100000000000000000e+01,3.628600000000000000e+04
5.000000000000000000e+00,6.000000000000000000e+00,2.400000000000000000e+01,1.919999999999999929e+01,0.000000000000000000e+00,0.000000000000000000e+00,0.000000000000000000e+00,0.000000000000000000e+00,5.600000000000000000e+01,4.607000000000000000e+04
5.000000000000000000e+00,0.000000000000000000e+00,2.500000000000000000e+01,1.830000000000000071e+01,2.480000000000000071e+01,0.000000000000000000e+00,2.480000000000000071e+01,0.000000000000000000e+00,4.300000000000000000e+01,2.975200000000000000e+04
5.000000000000000000e+00,1.000000000000000000e+00,2.600000000000000000e+01,2.189999999999999858e+01,0.000000000000000000e+00,0.000000000000000000e+00,0.000000000000000000e+00,0.000000000000000000e+00,4.600000000000000000e+01,6.586700000000000000e+04
5.000000000000000000e+00,2.000000000000000000e+00,2.700000000000000000e+01,2.460000000000000142e+01,0.000000000000000000e+00,0.000000000000000000e+00,0.000000000000000000e+00,0.000000000000000000e+00,5.700000000000000000e+01,6.000400000000000000e+04
5.000000000000000000e+00,3.000000000000000000e+00,2.800000000000000000e+01,1.719999999999999929e+01,6.000000000000000000e+00,0.000000000000000000e+00,6.000000000000000000e+00,0.000000000000000000e+00,4.800000000000000000e+01,4.832000000000000000e+04
5.000000000000000000e+00,4.000000000000000000e+00,2.900000000000000000e+01,1.789999999999999858e+01,0.000000000000000000e+00,0.000000000000000000e+00,0.000000000000000000e+00,0.000000000000000000e+00,3.100000000000000000e+01,8.161800000000000000e+04
5.000000000000000000e+00,5.000000000000000000e+00,3.000000000000000000e+01,2.080000000000000071e+01,4.200000000000000178e+00,0.000000000000000000e+00,4.200000000000000178e+00,0.000000000000000000e+00,6.700000000000000000e+01,3.909900000000000000e+04
5.000000000000000000e+00,6.000000000000000000e+00,3.100000000000000000e+01,1.140000000000000036e+01,2.000000000000000000e+00,0.000000000000000000e+00,2.000000000000000000e+00,0.000000000000000000e+00,4.600000000000000000e+01,4.423900000000000000e+04
6.000000000000000000e+00,0.000000000000000000e+00,1.000000000000000000e+00,1.159999999999999964e+01,2.799999999999999822e+00,0.000000000000000000e+00,2.799999999999999822e+00,0.000000000000000000e+00,4.400000000000000000e+01,3.292800000000000000e+04
6.000000000000000000e+00,1.000000000000000000e+00,2.000000000000000000e+00,9.900000000000000355e+00,2.000000000000000000e+00,0.000000000000000000e+00,2.000000000000000000e+00,0.000000000000000000e+00,3.300000000000000000e+01,3.188500000000000000e+04
6.000000000000000000e+00,2.000000000000000000e+00,3.000000000000000000e+00,1.109999999999999964e+01,0.000000000000000000e+00,0.000000000000000000e+00,0.000000000000000000e+00,0.000000000000000000e+00,3.100000000000000000e+01,6.547800000000000000e+04
6.000000000000000000e+00,3.000000000000000000e+00,4.000000000000000000e+00,1.630000000000000071e+01,0.000000000000000000e+00,0.000000000000000000e+00,0.000000000000000000e+00,0.000000000000000000e+00,3.100000000000000000e+01,7.329700000000000000e+04
6.000000000000000000e+00,4.000000000000000000e+00,5.000000000000000000e+00,1.930000000000000071e+01,8.599999999999999645e+00,0.000000000000000000e+00,8.599999999999999645e+00,0.000000000000000000e+00,4.600000000000000000e+01,4.060600000000000000e+04
6.000000000000000000e+00,5.000000000000000000e+00,6.000000000000000000e+00,1.440000000000000036e+01,0.000000000000000000e+00,0.000000000000000000e+00,0.000000000000000000e+00,0.000000000000000000e+00,4.400000000000000000e+01,4.853100000000000000e+04
6.000000000000000000e+00,6.000000000000000000e+00,7.000000000000000000e+00,1.469999999999999929e+01,0.000000000000000000e+00,0.000000000000000000e+00,0.000000000000000000e+00,0.000000000000000000e+00,4.300000000000000000e+01,4.459500000000000000e+04
6.000000000000000000e+00,0.000000000000000000e+00,8.000000000000000000e+00,1.819999999999999929e+01,2.780000000000000071e+01,0.000000000000000000e+00,2.780000000000000071e+01,0.000000000000000000e+00,4.400000000000000000e+01,1.971700000000000000e+04
6.000000000000000000e+00,1.000000000000000000e+00,9.000000000000000000e+00,1.910000000000000142e+01,8.800000000000000711e+00,0.000000000000000000e+00,8.800000000000000711e+00,0.000000000000000000e+00,3.100000000000000000e+01,3.459900000000000000e+04
6.000000000000000000e+00,2.000000000000000000e+00,1.000000000000000000e+01,1.980000000000000071e+01,4.000000000000000000e+00,0.000000000000000000e+00,4.000000000000000000e+00,0.000000000000000000e+00,3.900000000000000000e+01,6.390600000000000000e+04
6.000000000000000000e+00,3.000000000000000000e+00,1.100000000000000000e+01,1.969999999999999929e+01,0.000000000000000000e+00,0.000000000000000000e+00,0.000000000000000000e+00,0.000000000000000000e+00,5.600000000000000000e+01,6.037900000000000000e+04
6.000000000000000000e+00,4.000000000000000000e+00,1.200000000000000000e+01,1.750000000000000000e+01,1.140000000000000036e+01,0.000000000000000000e+00,1.140000000000000036e+01,0.000000000000000000e+00,3.200000000000000000e+01,3.745200000000000000e+04
6.000000000000000000e+00,5.000000000000000000e+00,1.300000000000000000e+01,1.960000000000000142e+01,0.000000000000000000e+00,0.000000000000000000e+00,0.000000000000000000e+00,0.000000000000000000e+00,4.100000000000000000e+01,5.564100000000000000e+04
6.000000000000000000e+00,6.000000000000000000e+00,1.400000000000000000e+01,1.810000000000000142e+01,0.000000000000000000e+00,0.000000000000000000e+00,0.000000000000000000e+00,0.000000000000000000e+00,3.100000000000000000e+01,5.736100000000000000e+04
6.000000000000000000e+00,0.000000000000000000e+00,1.500000000000000000e+01,1.930000000000000071e+01,5.999999999999999778e-01,0.000000000000000000e+00,5.999999999999999778e-01,0.000000000000000000e+00,4.100000000000000000e+01,4.644700000000000000e+04
6.000000000000000000e+00,1.000000000000000000e+00,1.600000000000000000e+01,1.839999999999999858e+01,2.560000000000000142e+01,0.000000000000000000e+00,2.560000000000000142e+01,0.000000000000000000e+00,3.700000000000000000e+01,3.051300000000000000e+04
6.000000000000000000e+00,2.000000000000000000e+00,1.700000000000000000e+01,1.619999999999999929e+01,0.000000000000000000e+00,0.000000000000000000e+00,0.000000000000000000e+00,0.000000000000000000e+00,3.100000000000000000e+01,7.392100000000000000e+04
6.000000000000000000e+00,3.000000000000000000e+00,1.800000000000000000e+01,2.100000000000000000e+01,4.200000000000000178e+00,0.000000000000000000e+00,4.200000000000000178e+00,0.000000000000000000e+00,4.600000000000000000e+01,6.281700000000000000e+04
6.000000000000000000e+00,4.000000000000000000e+00,1.900000000000000000e+01,1.619999999999999929e+01,0.000000000000000000e+00,0.000000000000000000e+00,0.000000000000000000e+00,0.000000000000000000e+00,4.400000000000000000e+01,6.308800000000000000e+04
6.000000000000000000e+00,5.000000000000000000e+00,2.000000000000000000e+01,1.719999999999999929e+01,0.000000000000000000e+00,0.000000000000000000e+00,0.000000000000000000e+00,0.000000000000000000e+00,3.100000000000000000e+01,5.630300000000000000e+04
6.000000000000000000e+00,6.000000000000000000e+00,2.100000000000000000e+01,2.180000000000000071e+01,1.960000000000000142e+01,0.000000000000000000e+00,1.960000000000000142e+01,0.000000000000000000e+00,3.300000000000000000e+01,2.767300000000000000e+04
6.000000000000000000e+00,0.000000000000000000e+00,2.200000000000000000e+01,2.189999999999999858e+01,6.200000000000000178e+00,0.000000000000000000e+00,6.200000000000000178e+00,0.000000000000000000e+00,3.100000000000000000e+01,5.844600000000000000e+04
6.000000000000000000e+00,1.000000000000000000e+00,2.300000000000000000e+01,2.219999999999999929e+01,2.399999999999999911e+00,0.000000000000000000e+00,2.399999999999999911e+00,0.000000000000000000e+00,7.000000000000000000e+01,4.222900000000000000e+04
6.000000000000000000e+00,2.000000000000000000e+00,2.400000000000000000e+01,1.889999999999999858e+01,3.000000000000000000e+00,0.000000000000000000e+00,3.000000000000000000e+00,0.000000000000000000e+00,4.600000000000000000e+01,5.517500000000000000e+04
6.000000000000000000e+00,3.000000000000000000e+00,2.500000000000000000e+01,1.689999999999999858e+01,0.000000000000000000e+00,0.000000000000000000e+00,0.000000000000000000e+00,0.000000000000000000e+00,3.300000000000000000e+01,6.447900000000000000e+04
6.000000000000000000e+00,4.000000000000000000e+00,2.600000000000000000e+01,1.800000000000000000e+01,0.000000000000000000e+00,0.000000000000000000e+00,0.000000000000000000e+00,0.000000000000000000e+00,3.500000000000000000e+01,6.617300000000000000e+04
6.000000000000000000e+00,5.000000000000000000e+00,2.700000000000000000e+01,1.860000000000000142e+01,0.000000000000000000e+00,0.000000000000000000e+00,0.000000000000000000e+00,0.000000000000000000e+00,3.100000000000000000e+01,5.215000000000000000e+04
6.000000000000000000e+00,6.000000000000000000e+00,2.800000000000000000e+01,1.619999999999999929e+01,1.259999999999999964e+01,0.000000000000000000e+00,1.259999999999999964e+01,0.000000000000000000e+00,4.600000000000000000e+01,8.933000000000000000e+03
6.000000000000000000e+00,0.000000000000000000e+00,2.900000000000000000e+01,1.569999999999999929e+01,0.000000000000000000e+00,0.000000000000000000e+00,0.000000000000000000e+00,0.000000000000000000e+00,3.200000000000000000e+01,4.708700000000000000e+04
6.000000000000000000e+00,1.000000000000000000e+00,3.000000000000000000e+01,1.950000000000000000e+01,0.000000000000000000e+00,0.000000000000000000e+00,0.000000000000000000e+00,0.000000000000000000e+00,3.900000000000000000e+01,5.766100000000000000e+04
7.000000000000000000e+00,2.000000000000000000e+00,1.000000000000000000e+00,1.919999999999999929e+01,9.800000000000000711e+00,0.000000000000000000e+00,9.800000000000000711e+00,0.000000000000000000e+00,5.400000000000000000e+01,1.701200000000000000e+04
7.000000000000000000e+00,3.000000000000000000e+00,2.000000000000000000e+00,1.819999999999999929e+01,0.000000000000000000e+00,0.000000000000000000e+00,0.000000000000000000e+00,0.000000000000000000e+00,5.600000000000000000e+01,6.504100000000000000e+04
7.000000000000000000e+00,4.000000000000000000e+00,3.000000000000000000e+00,1.869999999999999929e+01,0.000000000000000000e+00,0.000000000000000000e+00,0.000000000000000000e+00,0.000000000000000000e+00,3.700000000000000000e+01,6.885100000000000000e+04
7.000000000000000000e+00,5.000000000000000000e+00,4.000000000000000000e+00,1.950000000000000000e+01,0.000000000000000000e+00,0.000000000000000000e+00,0.000000000000000000e+00,0.000000000000000000e+00,3.100000000000000000e+01,5.374300000000000000e+04
7.000000000000000000e+00,6.000000000000000000e+00,5.000000000000000000e+00,2.160000000000000142e+01,0.000000000000000000e+00,0.000000000000000000e+00,0.000000000000000000e+00,0.000000000000000000e+00,3.300000000000000000e+01,5.383900000000000000e+04
7.000000000000000000e+00,0.000000000000000000e+00,6.000000000000000000e+00,2.230000000000000071e+01,0.000000000000000000e+00,0.000000000000000000e+00,0.000000000000000000e+00,0.000000000000000000e+00,3.100000000000000000e+01,6.731700000000000000e+04
7.000000000000000000e+00,1.000000000000000000e+00,7.000000000000000000e+00,2.530000000000000071e+01,1.600000000000000089e+00,0.000000000000000000e+00,1.600000000000000089e+00,0.000000000000000000e+00,4.800000000000000000e+01,5.014400000000000000e+04
7.000000000000000000e+00,2.000000000000000000e+00,8.000000000000000000e+00,1.930000000000000071e+01,8.000000000000000444e-01,0.000000000000000000e+00,8.000000000000000444e-01,0.000000000000000000e+00,3.900000000000000000e+01,7.169000000000000000e+04
7.000000000000000000e+00,3.000000000000000000e+00,9.000000000000000000e+00,1.930000000000000071e+01,0.000000000000000000e+00,0.000000000000000000e+00,0.000000000000000000e+00,0.000000000000000000e+00,3.100000000000000000e+01,6.765000000000000000e+04
7.000000000000000000e+00,4.000000000000000000e+00,1.000000000000000000e+01,2.239999999999999858e+01,0.000000000000000000e+00,0.000000000000000000e+00,0.000000000000000000e+00,0.000000000000000000e+00,3.900000000000000000e+01,6.660500000000000000e+04
7.000000000000000000e+00,5.000000000000000000e+00,1.100000000000000000e+01,2.319999999999999929e+01,0.000000000000000000e+00,0.000000000000000000e+00,0.000000000000000000e+00,0.000000000000000000e+00,4.400000000000000000e+01,5.119900000000000000e+04
7.000000000000000000e+00,6.000000000000000000e+00,1.200000000000000000e+01,2.500000000000000000e+01,0.000000000000000000e+00,0.000000000000000000e+00,0.000000000000000000e+00,0.000000000000000000e+00,3.100000000000000000e+01,4.604700000000000000e+04
7.000000000000000000e+00,0.000000000000000000e+00,1.300000000000000000e+01,2.510000000000000142e+01,0.000000000000000000e+00,0.000000000000000000e+00,0.000000000000000000e+00,0.000000000000000000e+00,3.100000000000000000e+01,5.876700000000000000e+04
7.000000000000000000e+00,1.000000000000000000e+00,1.400000000000000000e+01,2.189999999999999858e+01,0.000000000000000000e+00,0.000000000000000000e+00,0.000000000000000000e+00,0.000000000000000000e+00,5.700000000000000000e+01,5.810600000000000000e+04
7.000000000000000000e+00,2.000000000000000000e+00,1.500000000000000000e+01,1.810000000000000142e+01,0.000000000000000000e+00,0.000000000000000000e+00,0.000000000000000000e+00,0.000000000000000000e+00,4.800000000000000000e+01,7.304800000000000000e+04
7.000000000000000000e+00,3.000000000000000000e+00,1.600000000000000000e+01,1.689999999999999858e+01,0.000000000000000000e+00,0.000000000000000000e+00,0.000000000000000000e+00,0.000000000000000000e+00,3.100000000000000000e+01,7.139400000000000000e+04
7.000000000000000000e+00,4.000000000000000000e+00,1.700000000000000000e+01,1.900000000000000000e+01,5.799999999999999822e+00,0.000000000000000000e+00,5.799999999999999822e+00,0.000000000000000000e+00,3.300000000000000000e+01,5.647400000000000000e+04
7.000000000000000000e+00,5.000000000000000000e+00,1.800000000000000000e+01,2.180000000000000071e+01,2.000000000000000000e+00,0.000000000000000000e+00,2.000000000000000000e+00,0.000000000000000000e+00,3.100000000000000000e+01,3.185800000000000000e+04
7.000000000000000000e+00,6.000000000000000000e+00,1.900000000000000000e+01,2.439999999999999858e+01,3.579999999999999716e+01,0.000000000000000000e+00,3.579999999999999716e+01,0.000000000000000000e+00,3.100000000000000000e+01,2.830600000000000000e+04
7.000000000000000000e+00,0.000000000000000000e+00,2.000000000000000000e+01,2.350000000000000000e+01,0.000000000000000000e+00,0.000000000000000000e+00,0.000000000000000000e+00,0.000000000000000000e+00,4.300000000000000000e+01,6.601100000000000000e+04
7.000000000000000000e+00,1.000000000000000000e+00,2.100000000000000000e+01,2.000000000000000000e+01,3.019999999999999929e+01,0.000000000000000000e+00,3.019999999999999929e+01,0.000000000000000000e+00,4.400000000000000000e+01,3.454500000000000000e+04
7.000000000000000000e+00,2.000000000000000000e+00,2.200000000000000000e+01,1.839999999999999858e+01,0.000000000000000000e+00,0.000000000000000000e+00,0.000000000000000000e+00,0.000000000000000000e+00,4.100000000000000000e+01,7.056300000000000000e+04
7.000000000000000000e+00,3.000000000000000000e+00,2.300000000000000000e+01,2.050000000000000000e+01,1.199999999999999956e+00,0.000000000000000000e+00,1.199999999999999956e+00,0.000000000000000000e+00,6.100000000000000000e+01,5.990400000000000000e+04
7.000000000000000000e+00,4.000000000000000000e+00,2.400000000000000000e+01,2.019999999999999929e+01,1.399999999999999911e+00,0.000000000000000000e+00,1.399999999999999911e+00,0.000000000000000000e+00,3.100000000000000000e+01,4.531100000000000000e+04
7.000000000000000000e+00,5.000000000000000000e+00,2.500000000000000000e+01,2.019999999999999929e+01,4.000000000000000000e+00,0.000000000000000000e+00,4.000000000000000000e+00,0.000000000000000000e+00,3.100000000000000000e+01,4.732400000000000000e+04
7.000000000000000000e+00,6.000000000000000000e+00,2.600000000000000000e+01,2.319999999999999929e+01,0.000000000000000000e+00,0.000000000000000000e+00,0.000000000000000000e+00,0.000000000000000000e+00,3.100000000000000000e+01,3.786300000000000000e+04
7.000000000000000000e+00,0.000000000000000000e+00,2.700000000000000000e+01,2.450000000000000000e+01,1.399999999999999911e+00,0.000000000000000000e+00,1.399999999999999911e+00,0.000000000000000000e+00,4.400000000000000000e+01,5.378700000000000000e+04
7.000000000000000000e+00,1.000000000000000000e+00,2.800000000000000000e+01,2.439999999999999858e+01,0.000000000000000000e+00,0.000000000000000000e+00,0.000000000000000000e+00,0.000000000000000000e+00,3.300000000000000000e+01,6.025800000000000000e+04
7.000000000000000000e+00,2.000000000000000000e+00,2.900000000000000000e+01,2.680000000000000071e+01,0.000000000000000000e+00,0.000000000000000000e+00,0.000000000000000000e+00,0.000000000000000000e+00,3.100000000000000000e+01,6.133600000000000000e+04
7.000000000000000000e+00,3.000000000000000000e+00,3.000000000000000000e+01,2.510000000000000142e+01,4.599999999999999645e+00,0.000000000000000000e+00,4.599999999999999645e+00,0.000000000000000000e+00,4.300000000000000000e+01,5.020000000000000000e+04
7.000000000000000000e+00,4.000000000000000000e+00,3.100000000000000000e+01,2.269999999999999929e+01,0.000000000000000000e+00,0.000000000000000000e+00,0.000000000000000000e+00,0.000000000000000000e+00,6.300000000000000000e+01,6.080900000000000000e+04
8.000000000000000000e+00,5.000000000000000000e+00,1.000000000000000000e+00,2.089999999999999858e+01,7.400000000000000355e+00,0.000000000000000000e+00,7.400000000000000355e+00,0.000000000000000000e+00,5.600000000000000000e+01,4.603200000000000000e+04
8.000000000000000000e+00,6.000000000000000000e+00,2.000000000000000000e+00,2.100000000000000000e+01,0.000000000000000000e+00,0.000000000000000000e+00,0.000000000000000000e+00,0.000000000000000000e+00,3.700000000000000000e+01,5.068000000000000000e+04
8.000000000000000000e+00,0.000000000000000000e+00,3.000000000000000000e+00,2.239999999999999858e+01,1.000000000000000000e+00,0.000000000000000000e+00,1.000000000000000000e+00,0.000000000000000000e+00,5.000000000000000000e+01,4.410100000000000000e+04
8.000000000000000000e+00,1.000000000000000000e+00,4.000000000000000000e+00,2.160000000000000142e+01,3.200000000000000178e+00,0.000000000000000000e+00,3.200000000000000178e+00,0.000000000000000000e+00,5.200000000000000000e+01,6.104900000000000000e+04
8.000000000000000000e+00,2.000000000000000000e+00,5.000000000000000000e+00,2.000000000000000000e+01,0.000000000000000000e+00,0.000000000000000000e+00,0.000000000000000000e+00,0.000000000000000000e+00,4.600000000000000000e+01,5.586700000000000000e+04
8.000000000000000000e+00,3.000000000000000000e+00,6.000000000000000000e+00,1.839999999999999858e+01,0.000000000000000000e+00,0.000000000000000000e+00,0.000000000000000000e+00,0.000000000000000000e+00,4.400000000000000000e+01,5.850300000000000000e+04
8.000000000000000000e+00,4.000000000000000000e+00,7.000000000000000000e+00,1.710000000000000142e+01,0.000000000000000000e+00,0.000000000000000000e+00,0.000000000000000000e+00,0.000000000000000000e+00,3.100000000000000000e+01,5.378500000000000000e+04
8.000000000000000000e+00,5.000000000000000000e+00,8.000000000000000000e+00,1.819999999999999929e+01,0.000000000000000000e+00,0.000000000000000000e+00,0.000000000000000000e+00,0.000000000000000000e+00,0.000000000000000000e+00,4.453000000000000000e+04
8.000000000000000000e+00,6.000000000000000000e+00,9.000000000000000000e+00,2.060000000000000142e+01,0.000000000000000000e+00,0.000000000000000000e+00,0.000000000000000000e+00,0.000000000000000000e+00,3.100000000000000000e+01,4.258600000000000000e+04
8.000000000000000000e+00,0.000000000000000000e+00,1.000000000000000000e+01,2.139999999999999858e+01,2.639999999999999858e+01,0.000000000000000000e+00,2.639999999999999858e+01,0.000000000000000000e+00,5.000000000000000000e+01,5.833600000000000000e+04
8.000000000000000000e+00,1.000000000000000000e+00,1.100000000000000000e+01,1.939999999999999858e+01,4.720000000000000284e+01,0.000000000000000000e+00,4.720000000000000284e+01,0.000000000000000000e+00,4.400000000000000000e+01,1.861700000000000000e+04
8.000000000000000000e+00,2.000000000000000000e+00,1.200000000000000000e+01,2.000000000000000000e+01,1.800000000000000044e+00,0.000000000000000000e+00,1.800000000000000044e+00,0.000000000000000000e+00,4.600000000000000000e+01,4.410000000000000000e+04
8.000000000000000000e+00,3.000000000000000000e+00,1.300000000000000000e+01,1.969999999999999929e+01,0.000000000000000000e+00,0.000000000000000000e+00,0.000000000000000000e+00,0.000000000000000000e+00,3.300000000000000000e+01,5.802400000000000000e+04
8.000000000000000000e+00,4.000000000000000000e+00,1.400000000000000000e+01,2.019999999999999929e+01,4.200000000000000178e+00,0.000000000000000000e+00,4.200000000000000178e+00,0.000000000000000000e+00,3.900000000000000000e+01,3.463600000000000000e+04
8.000000000000000000e+00,5.000000000000000000e+00,1.500000000000000000e+01,2.350000000000000000e+01,4.000000000000000222e-01,0.000000000000000000e+00,4.000000000000000222e-01,0.000000000000000000e+00,3.100000000000000000e+01,4.011700000000000000e+04
8.000000000000000000e+00,6.000000000000000000e+00,1.600000000000000000e+01,2.450000000000000000e+01,0.000000000000000000e+00,0.000000000000000000e+00,0.000000000000000000e+00,0.000000000000000000e+00,3.100000000000000000e+01,4.275100000000000000e+04
8.000000000000000000e+00,0.000000000000000000e+00,1.700000000000000000e+01,2.539999999999999858e+01,0.000000000000000000e+00,0.000000000000000000e+00,0.000000000000000000e+00,0.000000000000000000e+00,4.100000000000000000e+01,5.621300000000000000e+04
8.000000000000000000e+00,1.000000000000000000e+00,1.800000000000000000e+01,2.630000000000000071e+01,5.000000000000000000e+00,0.000000000000000000e+00,5.000000000000000000e+00,0.000000000000000000e+00,4.800000000000000000e+01,5.828900000000000000e+04
8.000000000000000000e+00,2.000000000000000000e+00,1.900000000000000000e+01,2.589999999999999858e+01,0.000000000000000000e+00,0.000000000000000000e+00,0.000000000000000000e+00,0.000000000000000000e+00,3.200000000000000000e+01,5.766600000000000000e+04
8.000000000000000000e+00,3.000000000000000000e+00,2.000000000000000000e+01,2.489999999999999858e+01,8.599999999999999645e+00,0.000000000000000000e+00,8.599999999999999645e+00,0.000000000000000000e+00,5.700000000000000000e+01,5.679000000000000000e+04
8.000000000000000000e+00,4.000000000000000000e+00,2.100000000000000000e+01,2.180000000000000071e+01,5.799999999999999822e+00,0.000000000000000000e+00,5.799999999999999822e+00,0.000000000000000000e+00,4.100000000000000000e+01,4.776000000000000000e+04
8.000000000000000000e+00,5.000000000000000000e+00,2.200000000000000000e+01,2.019999999999999929e+01,0.000000000000000000e+00,0.000000000000000000e+00,0.000000000000000000e+00,0.000000000000000000e+00,3.100000000000000000e+01,4.112400000000000000e+04
8.000000000000000000e+00,6.000000000000000000e+00,2.300000000000000000e+01,2.189999999999999858e+01,0.000000000000000000e+00,0.000000000000000000e+00,0.000000000000000000e+00,0.000000000000000000e+00,3.100000000000000000e+01,4.232100000000000000e+04
8.000000000000000000e+00,0.000000000000000000e+00,2.400000000000000000e+01,2.360000000000000142e+01,0.000000000000000000e+00,0.000000000000000000e+00,0.000000000000000000e+00,0.000000000000000000e+00,3.700000000000000000e+01,5.067600000000000000e+04
8.000000000000000000e+00,1.000000000000000000e+00,2.500000000000000000e+01,2.039999999999999858e+01,1.199999999999999956e+00,0.000000000000000000e+00,1.199999999999999956e+00,0.000000000000000000e+00,4.300000000000000000e+01,5.716200000000000000e+04
8.000000000000000000e+00,2.000000000000000000e+00,2.600000000000000000e+01,1.930000000000000071e+01,2.000000000000000111e-01,0.000000000000000000e+00,2.000000000000000111e-01,0.000000000000000000e+00,3.300000000000000000e+01,5.582600000000000000e+04
8.000000000000000000e+00,3.000000000000000000e+00,2.700000000000000000e+01,1.880000000000000071e+01,0.000000000000000000e+00,0.000000000000000000e+00,0.000000000000000000e+00,0.000000000000000000e+00,4.100000000000000000e+01,5.187700000000000000e+04
8.000000000000000000e+00,4.000000000000000000e+00,2.800000000000000000e+01,1.839999999999999858e+01,0.000000000000000000e+00,0.000000000000000000e+00,0.000000000000000000e+00,0.000000000000000000e+00,3.900000000000000000e+01,5.554900000000000000e+04
8.000000000000000000e+00,5.000000000000000000e+00,2.900000000000000000e+01,1.919999999999999929e+01,0.000000000000000000e+00,0.000000000000000000e+00,0.000000000000000000e+00,0.000000000000000000e+00,3.300000000000000000e+01,3.720800000000000000e+04
8.000000000000000000e+00,6.000000000000000000e+00,3.000000000000000000e+01,2.180000000000000071e+01,0.000000000000000000e+00,0.000000000000000000e+00,0.000000000000000000e+00,0.000000000000000000e+00,3.300000000000000000e+01,4.051400000000000000e+04
8.000000000000000000e+00,0.000000000000000000e+00,3.100000000000000000e+01,2.100000000000000000e+01,0.000000000000000000e+00,0.000000000000000000e+00,0.000000000000000000e+00,0.000000000000000000e+00,5.200000000000000000e+01,5.458200000000000000e+04
9.000000000000000000e+00,1.000000000000000000e+00,1.000000000000000000e+00,2.069999999999999929e+01,0.000000000000000000e+00,0.000000000000000000e+00,0.000000000000000000e+00,0.000000000000000000e+00,3.100000000000000000e+01,6.364600000000000000e+04
9.000000000000000000e+00,2.000000000000000000e+00,2.000000000000000000e+00,2.260000000000000142e+01,0.000000000000000000e+00,0.000000000000000000e+00,0.000000000000000000e+00,0.000000000000000000e+00,3.200000000000000000e+01,5.851000000000000000e+04
9.000000000000000000e+00,3.000000000000000000e+00,3.000000000000000000e+00,2.219999999999999929e+01,0.000000000000000000e+00,0.000000000000000000e+00,0.000000000000000000e+00,0.000000000000000000e+00,3.200000000000000000e+01,6.153600000000000000e+04
9.000000000000000000e+00,4.000000000000000000e+00,4.000000000000000000e+00,1.939999999999999858e+01,0.000000000000000000e+00,0.000000000000000000e+00,0.000000000000000000e+00,0.000000000000000000e+00,3.500000000000000000e+01,5.684700000000000000e+04
9.000000000000000000e+00,5.000000000000000000e+00,5.000000000000000000e+00,2.060000000000000142e+01,0.000000000000000000e+00,0.000000000000000000e+00,0.000000000000000000e+00,0.000000000000000000e+00,3.100000000000000000e+01,4.066200000000000000e+04
9.000000000000000000e+00,6.000000000000000000e+00,6.000000000000000000e+00,2.460000000000000142e+01,0.000000000000000000e+00,0.000000000000000000e+00,0.000000000000000000e+00,0.000000000000000000e+00,3.200000000000000000e+01,3.705200000000000000e+04
9.000000000000000000e+00,0.000000000000000000e+00,7.000000000000000000e+00,2.710000000000000142e+01,1.600000000000000000e+01,0.000000000000000000e+00,1.600000000000000000e+01,0.000000000000000000e+00,5.700000000000000000e+01,3.277900000000000000e+04
9.000000000000000000e+00,1.000000000000000000e+00,8.000000000000000000e+00,2.450000000000000000e+01,0.000000000000000000e+00,0.000000000000000000e+00,0.000000000000000000e+00,0.000000000000000000e+00,3.100000000000000000e+01,5.616800000000000000e+04
9.000000000000000000e+00,2.000000000000000000e+00,9.000000000000000000e+00,2.239999999999999858e+01,2.000000000000000111e-01,0.000000000000000000e+00,2.000000000000000111e-01,0.000000000000000000e+00,5.000000000000000000e+01,5.201800000000000000e+04
9.000000000000000000e+00,3.000000000000000000e+00,1.000000000000000000e+01,1.989999999999999858e+01,0.000000000000000000e+00,0.000000000000000000e+00,0.000000000000000000e+00,0.000000000000000000e+00,3.100000000000000000e+01,6.298900000000000000e+04
9.000000000000000000e+00,4.000000000000000000e+00,1.100000000000000000e+01,1.930000000000000071e+01,0.000000000000000000e+00,0.000000000000000000e+00,0.000000000000000000e+00,0.000000000000000000e+00,3.100000000000000000e+01,6.191000000000000000e+04
9.000000000000000000e+00,5.000000000000000000e+00,1.200000000000000000e+01,1.689999999999999858e+01,1.359999999999999964e+01,0.000000000000000000e+00,1.359999999999999964e+01,0.000000000000000000e+00,4.100000000000000000e+01,1.816100000000000000e+04
9.000000000000000000e+00,6.000000000000000000e+00,1.300000000000000000e+01,1.769999999999999929e+01,3.160000000000000142e+01,0.000000000000000000e+00,3.160000000000000142e+01,0.000000000000000000e+00,4.400000000000000000e+01,1.084700000000000000e+04
9.000000000000000000e+00,0.000000000000000000e+00,1.400000000000000000e+01,1.769999999999999929e+01,6.400000000000000355e+00,0.000000000000000000e+00,6.400000000000000355e+00,0.000000000000000000e+00,4.300000000000000000e+01,2.649400000000000000e+04
9.000000000000000000e+00,1.000000000000000000e+00,1.500000000000000000e+01,2.000000000000000000e+01,0.000000000000000000e+00,0.000000000000000000e+00,0.000000000000000000e+00,0.000000000000000000e+00,3.300000000000000000e+01,6.325900000000000000e+04
9.000000000000000000e+00,2.000000000000000000e+00,1.600000000000000000e+01,2.160000000000000142e+01,0.000000000000000000e+00,0.000000000000000000e+00,0.000000000000000000e+00,0.000000000000000000e+00,3.200000000000000000e+01,6.397600000000000000e+04
9.000000000000000000e+00,3.000000000000000000e+00,1.700000000000000000e+01,2.230000000000000071e+01,0.000000000000000000e+00,0.000000000000000000e+00,0.000000000000000000e+00,0.000000000000000000e+00,3.900000000000000000e+01,6.192700000000000000e+04
9.000000000000000000e+00,4.000000000000000000e+00,1.800000000000000000e+01,2.219999999999999929e+01,0.000000000000000000e+00,0.000000000000000000e+00,0.000000000000000000e+00,0.000000000000000000e+00,3.200000000000000000e+01,5.955200000000000000e+04
9.000000000000000000e+00,5.000000000000000000e+00,1.900000000000000000e+01,2.119999999999999929e+01,1.159999999999999964e+01,0.000000000000000000e+00,1.159999999999999964e+01,0.000000000000000000e+00,5.700000000000000000e+01,3.383500000000000000e+04
9.000000000000000000e+00,6.000000000000000000e+00,2.000000000000000000e+01,1.380000000000000071e+01,0.000000000000000000e+00,0.000000000000000000e+00,0.000000000000000000e+00,0.000000000000000000e+00,4.400000000000000000e+01,3.400600000000000000e+04
9.000000000000000000e+00,0.000000000000000000e+00,2.100000000000000000e+01,1.419999999999999929e+01,0.000000000000000000e+00,0.000000000000000000e+00,0.000000000000000000e+00,0.000000000000000000e+00,3.100000000000000000e+01,5.478200000000000000e+04
9.000000000000000000e+00,1.000000000000000000e+00,2.200000000000000000e+01,1.669999999999999929e+01,0.000000000000000000e+00,0.000000000000000000e+00,0.000000000000000000e+00,0.000000000000000000e+00,3.100000000000000000e+01,5.885200000000000000e+04
9.000000000000000000e+00,2.000000000000000000e+00,2.300000000000000000e+01,1.800000000000000000e+01,0.000000000000000000e+00,0.000000000000000000e+00,0.000000000000000000e+00,0.000000000000000000e+00,3.200000000000000000e+01,5.984000000000000000e+04
9.000000000000000000e+00,3.000000000000000000e+00,2.400000000000000000e+01,1.469999999999999929e+01,0.000000000000000000e+00,0.000000000000000000e+00,0.000000000000000000e+00,0.000000000000000000e+00,4.100000000000000000e+01,5.674600000000000000e+04
9.000000000000000000e+00,4.000000000000000000e+00,2.500000000000000000e+01,1.109999999999999964e+01,0.000000000000000000e+00,0.000000000000000000e+00,0.000000000000000000e+00,0.000000000000000000e+00,3.200000000000000000e+01,4.702700000000000000e+04
9.000000000000000000e+00,5.000000000000000000e+00,2.600000000000000000e+01,1.150000000000000000e+01,0.000000000000000000e+00,0.000000000000000000e+00,0.000000000000000000e+00,0.000000000000000000e+00,3.100000000000000000e+01,3.289200000000000000e+04
9.000000000000000000e+00,6.000000000000000000e+00,2.700000000000000000e+01,1.450000000000000000e+01,0.000000000000000000e+00,0.000000000000000000e+00,0.000000000000000000e+00,0.000000000000000000e+00,3.200000000000000000e+01,4.319600000000000000e+04
9.000000000000000000e+00,0.000000000000000000e+00,2.800000000000000000e+01,1.789999999999999858e+01,3.000000000000000000e+00,0.000000000000000000e+00,3.000000000000000000e+00,0.000000000000000000e+00,3.900000000000000000e+01,5.062400000000000000e+04
9.000000000000000000e+00,1.000000000000000000e+00,2.900000000000000000e+01,1.910000000000000142e+01,3.000000000000000000e+01,0.000000000000000000e+00,3.000000000000000000e+01,0.000000000000000000e+00,4.400000000000000000e+01,3.872600000000000000e+04
9.000000000000000000e+00,2.000000000000000000e+00,3.000000000000000000e+01,9.800000000000000711e+00,5.200000000000000178e+00,0.000000000000000000e+00,5.200000000000000178e+00,0.000000000000000000e+00,5.600000000000000000e+01,3.452900000000000000e+04
1.000000000000000000e+01,3.000000000000000000e+00,1.000000000000000000e+00,9.300000000000000711e+00,0.000000000000000000e+00,0.000000000000000000e+00,0.000000000000000000e+00,0.000000000000000000e+00,4.600000000000000000e+01,5.490900000000000000e+04
1.000000000000000000e+01,4.000000000000000000e+00,2.000000000000000000e+00,8.500000000000000000e+00,0.000000000000000000e+00,0.000000000000000000e+00,0.000000000000000000e+00,0.000000000000000000e+00,5.400000000000000000e+01,4.804700000000000000e+04
1.000000000000000000e+01,5.000000000000000000e+00,3.000000000000000000e+00,8.099999999999999645e+00,0.000000000000000000e+00,0.000000000000000000e+00,0.000000000000000000e+00,0.000000000000000000e+00,5.000000000000000000e+01,2.710300000000000000e+04
1.000000000000000000e+01,6.000000000000000000e+00,4.000000000000000000e+00,9.099999999999999645e+00,0.000000000000000000e+00,0.000000000000000000e+00,0.000000000000000000e+00,0.000000000000000000e+00,3.100000000000000000e+01,2.602800000000000000e+04
1.000000000000000000e+01,0.000000000000000000e+00,5.000000000000000000e+00,1.009999999999999964e+01,0.000000000000000000e+00,0.000000000000000000e+00,0.000000000000000000e+00,0.000000000000000000e+00,3.100000000000000000e+01,5.037600000000000000e+04
1.000000000000000000e+01,1.000000000000000000e+00,6.000000000000000000e+00,1.319999999999999929e+01,0.000000000000000000e+00,0.000000000000000000e+00,0.000000000000000000e+00,0.000000000000000000e+00,3.500000000000000000e+01,5.473100000000000000e+04
1.000000000000000000e+01,2.000000000000000000e+00,7.000000000000000000e+00,1.300000000000000000e+01,0.000000000000000000e+00,0.000000000000000000e+00,0.000000000000000000e+00,0.000000000000000000e+00,4.300000000000000000e+01,5.485600000000000000e+04
1.000000000000000000e+01,3.000000000000000000e+00,8.000000000000000000e+00,8.000000000000000000e+00,0.000000000000000000e+00,0.000000000000000000e+00,0.000000000000000000e+00,0.000000000000000000e+00,3.100000000000000000e+01,5.308400000000000000e+04
1.000000000000000000e+01,4.000000000000000000e+00,9.000000000000000000e+00,6.700000000000000178e+00,7.200000000000000178e+00,0.000000000000000000e+00,7.200000000000000178e+00,0.000000000000000000e+00,3.200000000000000000e+01,1.971800000000000000e+04
1.000000000000000000e+01,5.000000000000000000e+00,1.000000000000000000e+01,6.299999999999999822e+00,0.000000000000000000e+00,0.000000000000000000e+00,0.000000000000000000e+00,0.000000000000000000e+00,4.100000000000000000e+01,2.245000000000000000e+04
1.000000000000000000e+01,6.000000000000000000e+00,1.100000000000000000e+01,1.280000000000000071e+01,0.000000000000000000e+00,0.000000000000000000e+00,0.000000000000000000e+00,0.000000000000000000e+00,4.800000000000000000e+01,2.024100000000000000e+04
1.000000000000000000e+01,0.000000000000000000e+00,1.200000000000000000e+01,1.780000000000000071e+01,0.000000000000000000e+00,0.000000000000000000e+00,0.000000000000000000e+00,0.000000000000000000e+00,3.500000000000000000e+01,3.587200000000000000e+04
1.000000000000000000e+01,1.000000000000000000e+00,1.300000000000000000e+01,1.500000000000000000e+01,3.200000000000000178e+00,0.000000000000000000e+00,3.200000000000000178e+00,0.000000000000000000e+00,4.800000000000000000e+01,3.770800000000000000e+04
1.000000000000000000e+01,2.000000000000000000e+00,1.400000000000000000e+01,8.699999999999999289e+00,0.000000000000000000e+00,0.000000000000000000e+00,0.000000000000000000e+00,0.000000000000000000e+00,5.400000000000000000e+01,4.743400000000000000e+04
1.000000000000000000e+01,3.000000000000000000e+00,1.500000000000000000e+01,8.099999999999999645e+00,1.419999999999999929e+01,0.000000000000000000e+00,1.419999999999999929e+01,0.000000000000000000e+00,5.400000000000000000e+01,3.974800000000000000e+04
1.000000000000000000e+01,4.000000000000000000e+00,1.600000000000000000e+01,8.199999999999999289e+00,8.199999999999999289e+00,0.000000000000000000e+00,8.199999999999999289e+00,0.000000000000000000e+00,5.700000000000000000e+01,3.860700000000000000e+04
1.000000000000000000e+01,5.000000000000000000e+00,1.700000000000000000e+01,2.100000000000000089e+00,5.000000000000000000e+00,1.000000000000000000e+00,6.000000000000000000e+00,0.000000000000000000e+00,5.900000000000000000e+01,1.522600000000000000e+04
1.000000000000000000e+01,6.000000000000000000e+00,1.800000000000000000e+01,2.000000000000000111e-01,0.000000000000000000e+00,0.000000000000000000e+00,0.000000000000000000e+00,0.000000000000000000e+00,3.500000000000000000e+01,1.656600000000000000e+04
1.000000000000000000e+01,0.000000000000000000e+00,1.900000000000000000e+01,2.299999999999999822e+00,5.999999999999999778e-01,0.000000000000000000e+00,5.999999999999999778e-01,0.000000000000000000e+00,4.600000000000000000e+01,3.264700000000000000e+04
1.000000000000000000e+01,1.000000000000000000e+00,2.000000000000000000e+01,1.219999999999999929e+01,0.000000000000000000e+00,0.000000000000000000e+00,0.000000000000000000e+00,0.000000000000000000e+00,5.900000000000000000e+01,4.311900000000000000e+04
1.000000000000000000e+01,2.000000000000000000e+00,2.100000000000000000e+01,5.299999999999999822e+00,0.000000000000000000e+00,0.000000000000000000e+00,0.000000000000000000e+00,0.000000000000000000e+00,3.100000000000000000e+01,4.231600000000000000e+04
1.000000000000000000e+01,3.000000000000000000e+00,2.200000000000000000e+01,1.019999999999999929e+01,3.200000000000000178e+00,0.000000000000000000e+00,3.200000000000000178e+00,0.000000000000000000e+00,6.300000000000000000e+01,3.415900000000000000e+04
1.000000000000000000e+01,4.000000000000000000e+00,2.300000000000000000e+01,3.899999999999999911e+00,0.000000000000000000e+00,0.000000000000000000e+00,0.000000000000000000e+00,0.000000000000000000e+00,3.900000000000000000e+01,3.715800000000000000e+04
1.000000000000000000e+01,5.000000000000000000e+00,2.400000000000000000e+01,5.299999999999999822e+00,9.000000000000000000e+00,0.000000000000000000e+00,9.000000000000000000e+00,0.000000000000000000e+00,5.600000000000000000e+01,2.109000000000000000e+04
1.000000000000000000e+01,6.000000000000000000e+00,2.500000000000000000e+01,8.900000000000000355e+00,9.000000000000000000e+00,0.000000000000000000e+00,9.000000000000000000e+00,0.000000000000000000e+00,5.400000000000000000e+01,1.318400000000000000e+04
1.000000000000000000e+01,0.000000000000000000e+00,2.600000000000000000e+01,3.200000000000000178e+00,0.000000000000000000e+00,0.000000000000000000e+00,0.000000000000000000e+00,0.000000000000000000e+00,3.700000000000000000e+01,3.709500000000000000e+04
1.000000000000000000e+01,1.000000000000000000e+00,2.700000000000000000e+01,3.700000000000000178e+00,0.000000000000000000e+00,0.000000000000000000e+00,0.000000000000000000e+00,0.000000000000000000e+00,3.100000000000000000e+01,4.075300000000000000e+04
1.000000000000000000e+01,2.000000000000000000e+00,2.800000000000000000e+01,5.299999999999999822e+00,3.119999999999999929e+01,0.000000000000000000e+00,3.119999999999999929e+01,0.000000000000000000e+00,4.800000000000000000e+01,2.207900000000000000e+04
1.000000000000000000e+01,3.000000000000000000e+00,2.900000000000000000e+01,1.090000000000000036e+01,8.599999999999999645e+00,0.000000000000000000e+00,8.599999999999999645e+00,0.000000000000000000e+00,8.300000000000000000e+01,2.777100000000000000e+04
1.000000000000000000e+01,4.000000000000000000e+00,3.000000000000000000e+01,3.600000000000000089e+00,8.000000000000000444e-01,0.000000000000000000e+00,8.000000000000000444e-01,0.000000000000000000e+00,5.600000000000000000e+01,3.349300000000000000e+04
1.000000000000000000e+01,5.000000000000000000e+00,3.100000000000000000e+01,2.500000000000000000e+00,0.000000000000000000e+00,0.000000000000000000e+00,0.000000000000000000e+00,0.000000000000000000e+00,3.100000000000000000e+01,1.904900000000000000e+04
1.100000000000000000e+01,6.000000000000000000e+00,1.000000000000000000e+00,9.199999999999999289e+00,6.200000000000000178e+00,0.000000000000000000e+00,6.200000000000000178e+00,0.000000000000000000e+00,7.000000000000000000e+01,8.896000000000000000e+03
1.100000000000000000e+01,0.000000000000000000e+00,2.000000000000000000e+00,8.000000000000000000e+00,4.000000000000000222e-01,0.000000000000000000e+00,4.000000000000000222e-01,0.000000000000000000e+00,4.100000000000000000e+01,3.706600000000000000e+04
1.100000000000000000e+01,1.000000000000000000e+00,3.000000000000000000e+00,1.009999999999999964e+01,2.000000000000000111e-01,0.000000000000000000e+00,2.000000000000000111e-01,0.000000000000000000e+00,3.500000000000000000e+01,4.203900000000000000e+04
1.100000000000000000e+01,2.000000000000000000e+00,4.000000000000000000e+00,7.500000000000000000e+00,0.000000000000000000e+00,0.000000000000000000e+00,0.000000000000000000e+00,0.000000000000000000e+00,3.100000000000000000e+01,4.294600000000000000e+04
1.100000000000000000e+01,3.000000000000000000e+00,5.000000000000000000e+00,1.069999999999999929e+01,0.000000000000000000e+00,0.000000000000000000e+00,0.000000000000000000e+00,0.000000000000000000e+00,3.100000000000000000e+01,4.378100000000000000e+04
1.100000000000000000e+01,4.000000000000000000e+00,6.000000000000000000e+00,1.469999999999999929e+01,1.000000000000000000e+00,0.000000000000000000e+00,1.000000000000000000e+00,0.000000000000000000e+00,7.000000000000000000e+01,3.048200000000000000e+04
1.100000000000000000e+01,5.000000000000000000e+00,7.000000000000000000e+00,6.799999999999999822e+00,0.000000000000000000e+00,0.000000000000000000e+00,0.000000000000000000e+00,0.000000000000000000e+00,4.600000000000000000e+01,2.172800000000000000e+04
1.100000000000000000e+01,6.000000000000000000e+00,8.000000000000000000e+00,3.100000000000000089e+00,0.000000000000000000e+00,0.000000000000000000e+00,0.000000000000000000e+00,0.000000000000000000e+00,4.100000000000000000e+01,1.789400000000000000e+04
1.100000000000000000e+01,0.000000000000000000e+00,9.000000000000000000e+00,6.799999999999999822e+00,0.000000000000000000e+00,0.000000000000000000e+00,0.000000000000000000e+00,0.000000000000000000e+00,4.300000000000000000e+01,3.568300000000000000e+04
1.100000000000000000e+01,1.000000000000000000e+00,1.000000000000000000e+01,6.400000000000000355e+00,0.000000000000000000e+00,0.000000000000000000e+00,0.000000000000000000e+00,0.000000000000000000e+00,3.200000000000000000e+01,4.240700000000000000e+04
1.100000000000000000e+01,2.000000000000000000e+00,1.100000000000000000e+01,7.400000000000000355e+00,2.000000000000000111e-01,0.000000000000000000e+00,2.000000000000000111e-01,0.000000000000000000e+00,3.100000000000000000e+01,4.094000000000000000e+04
1.100000000000000000e+01,3.000000000000000000e+00,1.200000000000000000e+01,9.099999999999999645e+00,1.559999999999999964e+01,0.000000000000000000e+00,1.559999999999999964e+01,0.000000000000000000e+00,6.300000000000000000e+01,2.417500000000000000e+04
1.100000000000000000e+01,4.000000000000000000e+00,1.300000000000000000e+01,5.200000000000000178e+00,0.000000000000000000e+00,0.000000000000000000e+00,0.000000000000000000e+00,0.000000000000000000e+00,4.800000000000000000e+01,2.333100000000000000e+04
1.100000000000000000e+01,5.000000000000000000e+00,1.400000000000000000e+01,2.000000000000000000e+00,0.000000000000000000e+00,0.000000000000000000e+00,0.000000000000000000e+00,0.000000000000000000e+00,5.000000000000000000e+01,1.329800000000000000e+04
1.100000000000000000e+01,6.000000000000000000e+00,1.500000000000000000e+01,4.000000000000000000e+00,0.000000000000000000e+00,0.000000000000000000e+00,0.000000000000000000e+00,0.000000000000000000e+00,3.900000000000000000e+01,1.359800000000000000e+04
