2,12,1.41421356237309,3,6.03537880448924
45,20,7.44505497141728,6,10.7271132490685
1925,38,2.24605998863036,2,4.98897594728805
13,10,2.78806525372416,4,7.06433461862731
25,10,1.49125259956102,0,6.71389371152958
79,25,5.19571472045404,9,7.1005105269711
72,19,9.15649179822299,7,9.34420213072134
38,17,2.54223459768377,1,9.57070188500348
23,11,6.15586442874794,10,8.94250605914121
14,11,4.63082992607012,1,10.8925515944369
9,10,6.91614364891343,1,6.17570837412739
3,20,16,1,9.054234824393
41,16,3.69534046845789,5,11.6902057938389
61,19,4.01087652339435,0,14.3707946689599
34,24,2.82047938627091,2,5.45049944566879
50,13,5.22671630409637,7,7.65768879357732
19,11,5.89376757035108,8,10.9009955850138
6,10,6.51355562432631,0,12.4937084855283
13,13,1.82153156423507,5,9.71781626288808
133,18,7.6812717281402,11,10.4720527792654
120,30,5.14408533606535,8,13.453082196451
30,18,3.86490864488094,0,6.51541698274593
11,12,4.19612380388857,8,8.35123864963823
44,17,4.6363570540593,6,7.84281620499596
17,10,3.14954372324679,5,12.9134045419269
10,16,4.16016764610381,0,14.5799967576086
30,13,5.17345641744452,2,7.39548690222404
9,14,2.45904734219214,1,9.98514575626539
45,18,2.76468402789977,0,12.6513498336374
90,12,11.9266831928713,11,11.2200153734718
46,24,5.96494155490152,6,7.42978968000534
38,17,4.36468292961686,3,4.26948181815065
17,12,6.64192479699052,2,11.3260655469377
3,11,1.09050773266526,1,10.6713906122014
21,13,3.26117575966035,5,6.25425936015883
5,18,3.01290179032078,5,7.24068120883837
1543,36,2.22452221324517,2,12.3043481496382
50,17,4.80265100401623,6,8.49591552055019
32,18,3.16340177708189,1,7.27412824922126
42,13,5.30923530307758,6,13.4850916110973
13,13,3.94420195613937,3,7.14424078954652
19,14,5.77779704587395,1,8.51383437275963
18,14,10.8351566614772,5,10.8987815181974
4,12,1.50314995213901,1,8.01253522937282
4518,47,2.92467494526702,2,10.3305730964408
9,14,4.71769398031653,0,4.89450142128347
9,15,1.18920711500272,2,7.6816110158894
24,10,4.96550467074055,6,13.4326051369785
23,20,5.61336673085622,5,9.72251673821399
49,13,10.3103669743839,10,13.7005747956544
26,10,11.2680320014811,7,11.2255006641391
12,16,3.19639231352846,4,12.5836422378955
27,10,9.85121153758051,7,22.2392862570622
20,13,4.61441753920918,6,16.4887751468806
7,22,2.37617679756498,6,5.01521979668299
3,12,2.82842712474619,0,9.45917947541126
18,14,0,0,1
34,11,5.54086615649727,8,7.47860440741262
73,15,3.35371738529275,5,5.74457553049469
10,19,2.88143982262088,6,4.35051664539646
72,13,7.81090482370996,6,12.7358374294783
82,14,2.8133863853214,1,10.2370806033852
59,30,5.85686541758269,9,9.34097907920729
2943,42,2.54933222391665,0,12.2503016845655
58,20,5.02480049047954,3,10.5279447286873
179,32,5.99146493957482,8,10.1097920030782
35,10,5.85334286168441,2,6.36243629559705
18,13,2.65914794847249,3,2.97970772423825
46,37,4.98466225252382,2,7.12670219642603
14,19,3.80516684608679,7,6.18781922983206
13,18,1.60831190760079,0,12.9614813968157
29,16,13.3584137857354,9,10.1301991765203
144,22,7.82546504336481,13,15.7471027352333
47,19,8.95369599019151,4,7.93140052604675
47,17,8.68254535112367,6,8.34722658033816
38,19,6.06956247676755,1,4.68209916772761
13,14,3.16279744548264,0,12.8072621540371
5395,50,3.34315473569728,2,8.76236644660808
98,22,4.61106500405461,4,11.8655735745434
7,10,2.71441761659491,5,5.41098625440106
12,12,3.09878777363773,3,7.01075312447156
13,22,7.49151240510023,8,8.24631525559599
79,17,11.0446704872739,6,15.5231675420349
7,12,6.5379650891356,8,9.30104757627933
18,14,5.3322643242515,0,7.6855982816649
16,13,1.95510974432216,0,8.50528989033158
127,27,6.21334285005806,6,8.63868043978565
28,18,6.45667332932701,8,6.85447366910036
7,10,4.08073198477558,5,13.6991515014509
4,13,1.97435048583482,5,12.6620428736525
22,11,3.22775806553575,4,7.36590994077984
29,16,3.10043283214457,0,10.0390838379174
42,29,3.56656997131155,4,9.80775381705654
15,14,2.27079752332242,0,7.18404733386819
6,11,1.68179283050743,1,8.20601875804335
28,16,3.27919233650652,2,12.0324050262573
11,12,4.95169738769744,3,7.15633913150167
9,17,2.01840228815291,0,9.33356512945846
25,10,1.9454959377099,2,5.13434435451999
12,17,10.3045568821619,7,15.0044439497831
1925,38,2.24605998863036,1,11.8960342776535
15,17,6.44499776322666,7,6.60610229148338
24,15,13.9865420169121,4,17.6199053466784
72,20,7.07553621947389,2,5.25102320184652
47,12,5.64117040204673,4,8.2609515858587
14,14,6.51504505221797,10,10.0080029114715
30,11,6.92560979321401,5,9.08923762257202
6,18,2.32998610150143,0,11.6348832642161
10,12,5.24275552769492,6,16.9980877135469
38,11,5.02496622143135,3,10.5017072844236
57,19,4.94778472424103,9,9.10243995880332
18,12,3.81989326599037,5,15.9565552127122
19,19,3.64259360476025,5,6.69915367416743
21,10,4,0,7.23617943237257
22,14,1.82722149899389,1,7.07852373648377
5,13,4.89897948556636,5,7.69428263292559
8,20,1.64483583361661,0,7.11033366341766
18,11,3.26131191325806,2,8.15325055038857
70,14,3.91495179767218,1,6.40553124894116
45,18,3.91050958138544,2,6.84873458557733
4,10,1.41421356237309,3,13.561346156706
15,13,4.24264068711928,3,9.73878873783053
65,19,4.67151615725631,2,13.1053708996064
8,20,3.10933997890522,2,9.42360168223435
248,24,4.34543335884225,0,7.61304807831741
24,28,1,1,5.24522398757416
20,13,1.81712059283214,1,7.01345595278831
47,12,4.4882649709579,4,10.9502738474664
226,22,7.92320363748189,5,12.09764205427
57,11,4.72102245941019,4,8.31402321244718
38,13,4.67920369973305,7,10.0462119416415
41,15,5.0742699209856,1,2.44948974278318
18,17,3.19106872067765,7,5.10734264750263
18,19,5.20914986162098,6,6.93229461139256
147,15,4.92731100208922,7,9.59089095035479
9,11,6.17792533468256,8,17.5763383465946
76,32,10.4333554530949,6,9.46408345872477
14,12,0,8,9.99294619763588
32,11,1.79482292137929,0,5.52633181567316
7,26,0,0,22
153,17,5.0535166065109,7,4.36525570820613
8,23,5.22510208652677,11,16.6430545715164
9,12,2.7692276870566,4,6.06404799161481
16,16,1.87341860215529,0,6.01312177731385
45,12,4.40207962479335,3,4.67349818253531
35,17,3.91174973088573,0,12.2241020118081
35,17,5.33094315437315,3,10.4092260626244
73,28,19,0,11.9698146696951
9,22,2.30096139937434,2,5.11986494656008
33,28,4.32591036001494,1,15.3765813805611
13,12,2.1634913077342,1,3.71299749388687
67,15,5.48382088669794,9,9.95802950846984
35,16,4.28724416798117,2,12.0808582178296
7,12,3.47514996692451,0,7.0465720003067
37,16,7.49514296015885,1,4.35587717469286
4518,47,2.92467494526702,0,5.14633235636673
9,10,4.64742705190412,2,4.13541548370956
37,12,5.0636968788243,2,5.03788168842191
33,15,1.65572404289224,1,8.20547547594274
15,13,2.92722826238304,2,11.2733282844025
2,18,4,1,5
3,11,1.5874010519682,2,9.09225913515052
7,16,2.41399811871351,1,6.33012810053548
20,18,3.00168392391299,0,9.58476015753997
42,14,6.48859917015721,8,15.3853278524255
31,15,3.71681060482588,1,4.46699871114729
50,11,5.27828774061723,8,7.70254517562651
8,13,2.31938112792003,5,5.43898908390531
3,11,2,1,11.0993216155938
13,10,6.76967487869574,6,15.4639153046963
13,12,0,0,5.33520397463431
71,15,2.84316637544123,5,9.19671212356624
20,14,4.59149464005975,7,8.61153364676335
14,13,2.3864693584799,1,4.36192261553383
101,17,5.98948035371113,15,12.318366825609
3262,43,2.65215249322773,2,8.06319182195457
18,11,2.15378069628433,1,4.38380672442583
8,16,4.91766021072813,4,17.0653964347812
2,12,2.49131589952358,3,10.0120193806618
13,18,2,0,4.31111805740937
64,12,11.9984908904813,12,15.1318692980023
7,22,1,1,6.39945418577444
116,30,5.295304618036,3,12.283115890732
31,15,9.19831547600796,4,9.64562333244602
4,10,7.99951167404015,6,10.590509524203
14,11,4.19909590517006,3,7.4461351358043
90,13,5.48544742161163,10,11.0472970556265
82,28,3.78868692508781,5,8.25228671384281
12,18,3.54831827584042,5,8.39192900015033
12,20,4.69364052587646,1,10.1490710776784
8,14,1.61156466553556,1,7.588361979569
70,21,8.1460618093409,13,11.9802509759889
27,15,5.92086368242294,9,8.43958827435586
7,17,4.28225473667665,1,7.10178350232986
11,10,1.95717082869169,0,5.5401921557221
54,14,5.06559752850941,3,13.2541845798461
2,16,6.39219619597235,7,9.71205243764379
25,21,2.70410808528337,5,8.90785041754394
3,11,4,0,3.50657268364621
13,22,6.83547480127365,1,10.696381909298
26,10,3.66288576696452,8,8.71316063693181
20,15,5.22216101082044,10,9.58321829643241
16,13,2.33159467311529,0,11.7014981264746
6,19,1.80673537592459,2,12.908183900116
62,16,4.25221465473901,10,8.83464429478513
23,11,4.91387565804229,4,11.5903666731605
14,16,5.17014557571529,5,10.6452275724495
131,34,7.32573001995575,5,5.60849732310834
21,26,4.87375865370583,0,10.1089812315922
39,10,2.5292861134929,1,7.35543790033974
5,11,1.31950791077289,0,6.49324273457354
16,13,3.40722607855078,1,7.88625492604228
14,13,4.5805896382426,2,12.9257168432471
4,13,1,1,4.75931545514973
14,12,8.82514508558246,2,8.79465489242207
69,11,4.10675493931342,2,11.7148938065912
30,11,5.33144277714187,11,14.1034645935863
15,12,2.10432940080866,1,7.49593876190123
25,10,2.91323448293263,6,15.9351520786884
21,16,1.49830707687668,0,6.85918189232422
24,16,3.95148419397668,4,5.92248116619921
11,11,7.59515758618483,9,9.86468105830159
12,11,8.99581955262375,12,16.1509907392503
30,12,4.47065584245451,3,5.73966275094437
12,14,1,4,13.6864643920927
3,13,0,0,5.88293526207028
26,11,2.22292471674326,8,7.2610383800234
30,12,2.77813436338874,4,5.63938569323146
22,14,3.6089733323422,3,4.41951605337957
34,16,3.65758871025487,0,14.394280357107
54,15,4.14669939160549,2,3.61045259867355
16,24,4.4279164286173,8,8.01590294663105
43,25,5.2902801332462,0,4.5878478889035
9,26,6.27713694431184,6,9.21563720472229
15,14,4.95600702277281,1,8.75459358082331
42,10,7.4399180543974,6,14.9559412144682
127,27,6.21334285005806,9,12.9967225837056
56,20,3.46157843457602,6,7.60590239508224
38,12,4.11777313917459,0,9.7309790594722
28,14,2.19390458652395,0,10.710341206808
11,12,1.73205080756888,2,3.33375442711079
8,14,2.88449914061482,0,6.41164283396216
66,22,9.22190699120722,8,10.8106040811215
26,13,6.23267093776213,1,13.4969761690241
13,17,1.5817196590548,1,11.3196505303907
38,19,3.9427482469888,0,7.10944974692531
25,11,8.5183602167141,6,13.2593432349483
27,12,10.9922752517532,8,10.0496707922844
30,10,5.77053291047432,8,10.4770664320876
32,18,4.86130604961661,4,12.329950718569
16,26,2.34497730223438,0,5.95524383243656
38,16,4.98387664535422,5,17.427270040381
9,12,4.26843458790854,5,12.0876260361498
43,20,8.72876003130787,3,5.95308159776845
10,18,5.61336703844028,5,14.9273598590145
72,13,15.7218921781651,9,23.7535471669982
4,10,1.56977834386017,2,11.2663605586987
32,16,5.35098604730767,5,6.93391533808983
10,16,4.16109545661446,6,6.41327148190694
6,21,2.33305807915223,1,13.6926304308128
17,11,3.36608300469985,3,10.5782508265743
33,19,6.56102993644444,10,11.9290824485941
26,17,14.7351409750877,5,8.92289848175902
11,15,3.33034943168948,6,7.70539990925913
8,16,10.1429073345315,1,5.95789213552895
50,13,3.99117229212668,5,7.02344907106582
29,15,12.2685809605969,4,13.8081265529506
8,12,5.41956531858759,8,5.70212690896338
147,32,5.59647722053354,8,6.13454528768809
19,13,5.5068550938264,4,9.05835446084048
17,30,8.36660026534075,4,8.44313102324045
14,13,11.8417122159094,2,16.5258937819691
28,11,6.77513051138208,9,12.7144636486913
7,12,2.13667837977607,1,13.9816449305741
5,26,2.44948974278318,1,7.04528995193157
51,10,2.05042640919011,4,2.10668149858807
10,12,5.28359890729653,1,8.34104866332197
31,13,3.14715185090887,3,5.45999114120894
28,18,4.481189528614,1,18.3640588569502
3,11,2.70287850682326,1,11.2261596293285
19,12,3.83816723304487,5,10.3460871329548
18,11,3.13783550362378,1,6.21284306843709
97,16,8.75257070673482,8,14.1265637549396
101,14,5.60928754637861,10,10.6550273676262
26,20,10.3467554551285,8,6.97629261475708
3929,45,2.76336293622471,0,4.39471092741713
17,13,3.84274219413357,1,8.22930586180566
6,13,2.88449914061482,5,9.31007390933776
4,10,1,3,11.3327857458972
13,10,3.36580017855575,1,8.49564037605571
39,23,8.97477126351626,2,7.82354173688344
90,38,9.18618187010372,13,14.3040895237364
43,10,5.16136234838977,4,9.16344231225105
40,12,10.2244944093466,7,14.3506596120997
11,16,3.91486764116886,5,4.77858543870537
16,10,3.26784084957952,3,8.4929782623655
7,20,3.74165738677394,4,5.93931093635733
36,15,2.97852454250678,0,7.00408529937184
47,13,6.30779182992738,8,7.335249540017
597,47,2.85562101731268,2,4.49609437144933
25,20,4.50325664843882,3,8.20162459446656
20,15,2.70180067720251,1,5.13646458977898
6,10,5.3635036428491,2,9.60339067952279
60,27,4.29806862773796,4,12.3173853349314
10,16,2.06844987990576,0,3.79452287286487
6,22,4,0,5.18999334971196
44,11,7.60834948896297,4,6.08112509043962
32,17,4.94602421449598,3,10.4722337970949
75,25,6.38115201898098,6,12.0529432775079
58,12,7.99164845044972,11,14.2524612247301
17,11,3.39058461962135,5,6.26144540701261
70,14,7.24483055684162,11,8.72020853928955
15,17,2.06734576548766,0,10.0509390380266
88,16,6.8960549848148,14,12.3011911037722
179,17,5.83664693163583,9,10.2344888227909
5,10,0,2,6.24352672215364
12,31,4,2,9.41486125071528
67,14,7.16292172601159,13,11.1297632246973
10,15,4.63914506459253,7,9.4052524956066
4,15,3.34930274539146,0,7.68735795106826
23,14,8.35365346578523,9,9.56831387441358
91,16,8.83820416329424,8,6.0780654730213
11,14,4.4011518940545,1,8.95710526474819
7,15,1.81712059283214,1,5.36390241664237
9,17,3.5535867410065,0,3.97028454070737
23,11,2.1221400468583,1,7.41900423488696
11,16,6,1,7.61985884174305
32,15,8.535932332301,3,12.9993909739587
14,14,4.48961143166598,3,12.3407706944612
25,11,2.21006300679293,3,2.79129012634835
141,18,7.75119480103167,8,15.7357797558243
5,11,0,0,5.79881552570668
4,11,9,1,9.4403380184999
12,12,1.56842669891649,0,7.75813445989434
99,15,5.22782621190105,4,10.7229311852008
7,17,2.06661531109646,1,4.57533149454712
61,16,8.84592877629239,1,8.411250117366
58,12,10.7671197794043,6,12.8521245956329
26,11,4.62134288909656,8,6.16873309245907
18,15,2.45748135169088,1,2.07099753081196
47,13,2.95370061522328,6,11.6651951389533
15,10,3.99923036593151,3,7.07367702002662
26,17,1.92627013315337,5,10.6938868637595
18,18,2.33464098844744,0,9.17499567814101
118,27,5.97571748516825,4,8.95284926591346
10,17,5.47722557505166,1,9.98530898717545
97,15,4.93047027957583,7,14.8400108128812
13,10,5.58901557060958,1,3
11,12,4.16016764610381,1,6.43468403587395
18,10,6.75443663527752,12,10.5334057732372
4,15,4.22357152993351,0,11.7559500729321
10,17,4.55428729008368,3,9.49764994942202
17,11,3.80897978518499,2,14.6260601594722
33,21,5.24533799699311,7,12.2134194473849
136,22,8.22778753753312,9,9.80785775714241
57,13,7.82075690442533,5,12.3253027586495
14,13,7.27522614364976,5,7.38799125413675
36,15,5.19067218342356,6,8.40221147784803
113,16,8.62209074163384,10,16.508015428426
28,18,5.02476886842361,5,3.48707635386189
26,13,2.90788942938027,0,10.0800879025277
57,15,7.7079449366017,7,7.91164452808707
23,14,2.69141470653047,3,7.27450066138126
12,13,3.067008863787,0,9.28219053163638
130,15,4.05268266646167,4,5.02599188533308
47,13,6.96264656068644,6,11.7733249180319
18,10,3.46410161513775,5,11.0555328770059
65,10,3.58394117306816,2,8.75503583145325
58,15,9.22281428870904,7,12.5592909994146
7,16,0,0,4.45833296810991
1925,38,2.24605998863036,0,2.86687075329982
9,22,5.94392195276313,0,11.1959057556244
39,14,3.87905633594045,3,4.22018835607602
32,28,2.47169798055131,3,4.77977860877954
1069,30,1.97680747045388,1,3.97120405503516
21,12,5.60444958167479,6,10.8313548321248
55,18,4.85727205325829,7,8.31008647377768
98,24,8.48177038987678,15,15.0571241483317
58,14,6.13883858739717,8,10.2228666922663
12,16,7.8831395193249,7,5.6026396526828
7,14,4.33539104188706,4,4.65721981362695
17,11,6.52189194233063,9,15.542263606304
11,13,1.97643310774172,1,9.41359073091524
9,13,7.9140355131436,4,4.8966982293938
77,18,2.39409439241051,1,5.78782688563238
84,20,6.85347686613789,9,15.2226808483629
39,29,3.36920449205539,9,7.32385054054022
81,23,8.15498907390313,5,14.0553903953026
7,10,2.56014272743577,2,6.88298232697753
23,11,2.1221400468583,3,14.897292379553
6,14,3,3,4.93912974349902
4,13,2.28942848510666,1,4.06416299887899
17,18,1.96744186530522,0,13.7806436853059
29,12,3.16799705791186,2,17.4781334557785
57,14,5.98125858367255,8,13.2070260786219
15,27,1.41421356237309,1,4.21029700703303
56,27,4.87212867606924,1,5.73952901540464
13,11,5.63460419285086,1,13.3932457310561
2,14,6,2,7.99506811015818
6,10,1,0,6.09934006144039
11,17,3.58428010591385,3,8.80076056054425
7,23,9.09419004158926,1,4.9935835528022
18,13,3.31702123487704,3,12.6728996396681
5,14,1.40043248282394,5,7.02888960951916
17,11,4.14777823716443,4,7.473877419149
93,14,8.0340412093965,5,9.62674621258128
7,15,3,0,8.83705275047436
13,11,3.44471691882168,5,5.79316439022252
4,10,2.04676904222631,0,12.3793202118774
11,10,3.03658897187566,4,10.9257048791073
67,15,5.37804422970382,6,14.3473889010974
74,25,6.32275401911091,5,13.0328172875121
294,25,9.07903000201972,9,10.9919830977012
97,21,8.97805614393994,10,14.6110816302653
31,11,2.58711850105913,6,7.68300308552619
31,18,4.52666729450242,8,8.55798938860793
5,13,3.964869520283,0,11.4281427271535
10,13,4.72278882924285,3,6.65718816492282
6,14,3.64050724281673,2,8.51118887072501
83,29,5.57900576089401,12,12.6675399295536
17,28,6.16566068470329,3,9.10185956195859
24,14,3.34373684866823,2,8.61571600976239
72,13,3.32495271730285,5,6.61849460105783
23,16,2.5900826632889,2,6.51381011323279
5,13,1.48909532471811,1,2.44948974278318
46,12,4.45995631456275,6,7.49668506546812
45,20,3.24989811141544,1,5.530410445481
43,13,5.68107285594933,7,17.243204369056
18,12,10.9186548695581,6,13.0463146652076
28,14,2.052475751096,3,8.24890202972605
37,15,7.37167649893157,7,11.387955929977
23,12,2.07730063071778,0,12.4283828412521
22,28,2.12975733606721,1,7.49486161126219
65,28,5.54640793170241,11,11.0222696483407
60,14,4.93485204677497,8,7.67755995334921
25,10,8.30322501450685,7,12.5300917664694
32,14,3.59245653766577,7,7.99725216849775
7,12,6.37202867023329,2,11.9250970737583
12,14,6.01683985038174,5,10.8711583980957
14,12,1.90125041909422,0,9.19147259291813
68,21,10.3164999988102,11,10.4931837214115
20,18,10.5922333548885,4,12.1285553594967
56,18,4.07562818270218,8,5.31455857010143
27,12,6.88387626282394,4,13.194805210171
55,16,6.05120690755672,6,11.9488640303213
630,42,4.20256877495974,4,6.59331616179774
43,28,2.22869881026687,0,5.15710698336933
13,13,7.73034148144349,10,10.6828499080532
21,11,2.48583808535678,1,11.3778069721385
28,15,3.03123420417042,5,4.58060658226854
3,11,0,0,8.00503817134533
14,25,3.18928415464189,5,10.9559666217285
13,13,3.97565283087976,3,19.7781996749382
11,11,2,2,6.85743575885983
4,11,9.34465745671052,2,12.8124410899278
13,15,2.7374762132844,1,3.51939425902719
6,10,5.43375696682042,2,9.46913491278015
78,13,10.1259972785406,4,19.5008385953197
40,16,5.80098532818385,12,16.7351450241277
6,12,3.86678060394902,1,16.2692846086481
32,10,8.20359584873078,8,8.95042116832872
16,18,3.50838919383193,5,6.63115680226462
41,15,4.02547466957819,5,6.30672258929472
153,21,8.84765882719288,8,11.4740374713403
121,16,13.4724373043297,5,16.6736477525595
24,21,3.45246050926735,3,9.51405035803901
92,28,6.40001489548153,7,9.78616672521379
108,31,3.59698825731179,0,4.7483150837618
13,10,2.4325484845607,1,6.67489268998629
17,13,5.27655973823483,1,10.1984343472253
10,12,3.61023285835761,0,11.6575762877179
13,19,3,2,4.76226928349478
112,16,7.82321390317475,13,21.996083427233
7,18,1.81144732852781,1,9.10928736693767
15,22,2.33514585255789,1,10.1915250872807
21,12,5.52518094761614,6,8.90482528346928
3,12,0,0,9.37107275450031
3,16,6.6332495807108,1,13.5210965347564
75,21,5.44047845499138,6,10.9024742451273
30,10,8.45511730317451,2,19.5717435369592
2,10,2.41827117512196,0,5.6555602725113
5,10,1.81712059283214,0,12.0916074939569
2,14,3.20336666695976,2,7.14229574113305
22,18,2.08025396564981,3,10.2159160774392
34,17,1.77988272045162,0,7.54887648511182
10,17,2.71297239723856,0,8.38323915178811
74,15,11.2609975434244,9,9.97190687412678
104,32,9.77577902145682,1,10.1530919901244
48,20,2.69742714124083,2,8.27583060858239
65,13,7.70748790966565,13,15.0318591741734
4,12,1.52592120731111,2,6.05160757933523
11,10,2.21336383940064,2,12.2362315147192
15,10,9.26213685886317,3,12.2834340754554
11,12,2.03894237870984,0,13.4680441220129
21,11,3.66060929471783,4,10.3653951412482
8,18,1.97190351909815,4,9.3812027896007
20,14,7.98783358459492,1,19.3118839023669
52,11,7.82237933790082,7,14.3555455036916
5,11,5.72854625568983,0,14.3981203612228
37,12,5.96151526828637,7,9.41577447031336
45,14,5.10837000268024,5,5.86815622091044
2,15,7,1,4.19091555353774
23,15,3.44501831036196,5,5.81278539360928
5954,52,3.64582963642122,2,12.0396185660253
19,11,5.6169664867385,5,14.4629376775548
81,21,8.80493503238894,9,9.35233186446545
6,13,3.53232534878316,6,10.4828514170227
62,12,4.39810657546502,2,11.6529426023346
3,18,0,2,9.67612679237101
198,28,11.2292917071648,11,9.37339692170747
12,10,3.77194554811708,4,6.17275012355955
1069,30,1.97680747045388,1,4.70104402339876
28,12,5.31836878148479,9,12.2308280763285
35,19,5.99962883677882,3,13.2553157315476
34,10,5.78640602959676,6,16.0564669107189
4,30,0,1,8.3872430198481
33,10,5.79140858282149,2,13.3079522906353
74,26,5.14784756329424,0,12.015553813239
40,28,4.75880482891814,0,3.90099592702626
56,17,8.36474669439655,6,9.70938396316242
4,15,1.82417088259138,1,3.04951106410196
45,17,3.80458480292567,12,13.0591298652272
8,12,8.06225774829855,2,9.78996726279521
39,24,3.52084510610817,7,6.63545032699809
138,23,5.60950313206257,6,10.2505763065462
11,15,4.22568479121373,2,10.8842690057445
159,20,4.57318716858956,10,10.4588438455792
12,12,2.57786695923,0,10.2142998584028
54,15,11.1260828420428,4,8.3687642792924
42,13,6.45489188897552,4,12.352819227332
9,14,5.57447142154706,7,7.06907992630044
43,13,4.21210790001788,2,14.2630888918357
15,15,6.23574908776243,5,9.69165682798677
46,27,3.35002720122622,8,7.77723956250267
47,14,2.06687740873775,0,10.1292131908725
58,12,4.47875859228233,6,9.54302310764561
13,11,2.16349260205969,2,5.23159177527245
11,13,3.15534804186504,3,18.2996303632661
26,23,3.42395638369722,3,8.51153427867064
39,14,8.26675955207316,6,5.06749145570366
39,24,7.64687588303988,13,15.430071502236
7,10,2.00627388039457,1,7.70785422456208
64,16,4.35450280664489,9,5.91521137183084
31,18,6.88482593793436,1,8.49557090267966
190,19,10.6922220924372,4,5.22481591914968
7,16,3.40916407064711,2,6.72849256240575
63,20,6.32203769570723,1,6.58966108747997
18,15,2.96061338610091,2,9.88771858432653
9,12,3.84854677311225,0,7.17029912639823
14,18,5.85042671845244,12,15.2481108279119
28,14,3.62257918746649,3,10.7921423685976
21,12,3.9746447294822,2,5.33247976356152
54,15,14.0694073951948,4,18.7922795118862
89,15,6.53326391529118,5,13.5599930479887
108,11,10.0576846062414,4,2.37478221819522
22,13,9.4921534021783,8,11.5992032059696
92,20,13.7724609612694,13,17.2272238002066
10,11,2.35304249991538,1,6.48367896045968
82,28,10.7823268941845,14,16.5339847080238
86,19,7.91316080292985,11,27.5151459304504
76,13,4.79101487337488,6,7.25421026244729
5,21,10.6341384121929,1,6.03023229525516
18,20,2.21336383940064,2,9.25084618229182
12,17,2.35938608666722,1,13.7840492420924
17,10,5.52641268696281,6,9.16574671298912
64,25,3.86001517729689,2,9.00677280752657
2,13,3.74024450707719,1,4.44956422377926
19,12,8.35277331317015,6,9.94309857923413
2,18,2.03964890265551,0,6.03341323881813
29,21,6.34166714905586,6,6.91030251081943
8,11,3.10723250595386,0,7.93196257652409
24,13,4.6299751707425,5,6.11872725958952
18,17,5.02348197450377,5,6.11560241606112
9,20,6,3,6.20140693277334
18,23,2.9719885782739,0,6.50665802777574
6,19,3,5,8.64275344956854
6,18,0,1,7.37519697103269
8,13,3.46508748279379,3,7.65700290727798
56,12,8.24403086925287,6,11.283457642809
26,15,5.22179911183071,4,17.0494580710599
12,10,2.47951161280301,1,6.94308409463862
8,10,2.76531647563823,2,9.35064535790227
56,36,2.91699973269503,1,6.12659411189617
54,24,4.62981274121202,10,12.1897195813832
17,11,9.05486515162958,8,8.85398942258779
23,17,7.47303520602176,4,8.87816424085757
89,17,7.91153603466152,11,10.3174347411353
11,11,3.62893303244306,4,7.82167021235481
5,11,4.5766958556485,5,8.06698313087323
34,15,4.8847270284515,4,15.1480376539173
216,24,7.59071774706319,15,17.8701951073606
42,15,6.84085381162199,8,6.43032254264007
20,15,2.47109105945859,0,8.78085249294698
25,15,3.57248928624327,2,8.51252142915936
7,30,3.99732605570924,0,4.976569845051
16,12,10.0899841428871,8,12.402238234485
106,18,7.29027745101822,9,14.615762260913
40,10,5.15471028488721,8,8.8951041023435
30,17,4.79600910908672,2,6.37274482145412
6,18,5.91607978309962,3,8.12707871066758
7,20,6.05267787100253,0,7.22135618922008
21,11,7.42411952496819,5,12.3697083676199
24,13,8.89353612443741,5,14.1932583501325
11,10,2.9886522131651,3,6.16064051012913
56,11,11.1330399657522,3,16.9908709178103
56,19,7.96053346039589,9,14.4004656105672
8,15,1.92038740758192,0,7.9989998109153
42,12,4.4020559178036,1,12.5969481311736
15,22,5.57504519178151,7,9.3381243786305
23,10,9.49200162794963,2,10.3902217401834
44,15,5.38678362560843,6,8.37497318432538
11,16,2.62289558627498,1,8.84730904626286
3,11,7,1,1.41421356237309
81,15,8.00591241189678,9,10.0097606292058
10,13,3.37597328680396,3,9.44568617170943
28,14,2.19390458652395,1,10.5591736203495
9,10,1.52953546977281,1,3.80707740978845
10,10,2.61203622339916,0,15.2698043458552
50,14,11.3676596721507,4,10.8321072369575
3,10,10,1,6.06508411126011
43,10,5.61755131305832,7,7.14025561038028
5,11,5.70937826647411,3,6.00366344202456
97,13,5.54993989948855,3,7.08829678389454
4,10,1.64375182951723,1,5.45859598793898
35,20,3.91156418823355,3,18.3871792135203
5,29,2,0,9.80145889924555
19,12,9.28255868554277,6,11.8318910548707
11,11,10.7668259715729,4,11.4434222509607
9,11,23.3666428910958,3,9.57542935712846
27,16,6.22306159502729,4,4.09658333980315
234,20,5.20235298507892,9,6.05402861540688
6,16,4.25129629603158,3,8.30712074850548
14,12,4.14449014765621,3,6.48332666880559
39,21,6.13509571995206,3,12.9632388797675
70,21,3.35572330322039,3,5.67646110752487
6,10,2.14029020657022,1,7.54944066120757
21,13,3.4765600073496,5,6.03787188532037
31,10,5.07172634354327,5,8.89929744712968
55,13,2.73261229182776,0,8.53583742997386
25,12,3.57960133049216,4,16.1259526256757
12,12,3.89033060367093,11,12.2266125608237
25,13,0,4,4.82447345188073
49,12,5.1127784967546,5,9.75525957651989
8,11,10.7864597056729,2,9.76836808586506
21,11,8.14246370090593,9,12.4215719460155
105,21,4.69029010078699,5,4.94000033198866
26,13,6.1532590495146,5,13.1649399284691
28,17,12.358281732171,7,10.8330803300835
11,22,1,0,4.04954688551703
26,22,1.39530819942768,2,10.1462770284058
9,13,4.80290010399458,0,12.7483522134244
50,13,2.21952644348758,0,9.51601179301127
41,14,3.82817025268517,6,6.90481263968155
9,13,3.02740010403509,3,7.43974605892021
26,12,3.27829268607456,3,6.45053734736347
23,17,5.40630506891,2,8.14934876612309
8,14,3.87695078275967,0,8.86868779879025
19,17,6.95829062270482,3,8.26634028851514
54,14,4.44309836015985,8,6.69850811864764
27,10,11.1175167066305,1,12.6859370643964
4,10,2.23519553192414,1,10.9305151314652
84,10,7.07089592687971,9,10.5308966224455
13,11,6.03798223601389,6,5.09664022647862
58,18,7.56709165280555,2,15.6782586403114
16,10,2.43548195762374,1,14.0808200314159
23,16,4.06126211091366,4,7.91424694902395
5,14,7.64284962019534,2,5.92668353285938
5,11,7,1,8.87553501351996
23,14,5.34185315016369,3,8.78398116980196
121,18,10.2983733296026,9,10.4880691107167
17,17,4.9709460503151,7,11.053450688274
15,10,5.60097394442665,4,4.57379842325442
4,13,6.98835932031774,2,1.35566197765995
24,10,7.16696562987038,11,9.12213181783035
181,31,7.11369492487925,11,9.21015115500857
6,14,4.00032244538991,4,6.23859132202494
5,12,2.30810323772089,0,11.0474782548155
54,15,4.72807369251892,3,5.97189515284543
59,15,10.6171359962674,9,13.682735318361
19,11,2.88174373749696,7,9.34727757749256
14,22,2.66233837760574,7,7.212733460896
8,12,3.46410161513775,2,12.7517278634579
23,17,12.7456347797613,7,13.2152720713967
70,14,2.97798339510113,3,8.03124297337807
7,12,1.81712059283214,0,5.18638934408274
62,12,5.03626693403113,6,8.7655479813935
15,31,2.17383625566267,1,8.0776628540639
4,18,0,1,9.95728045791953
16,12,2.48663710361661,1,7.29577025158923
12,14,1.67332821974783,6,5.18789548908035
1218,32,2.05269643642632,2,6.7198991281203
52,16,4.47548130450925,2,3.77762959804593
82,14,4.65962723615014,3,12.8154396810317
17,12,4.32880266482617,5,3.81873586611637
18,15,5.93801216989427,2,5.17035651715299
3,13,1,1,8.50522878866215
42,33,5.08815619055326,2,3.27762379306201
66,17,7.28951711847347,9,12.0524914489224
46,20,6.02948346013337,0,10.0067246234205
41,20,4.72608493376128,1,6.3025293777978
69,12,6.42999415519119,10,11.8148396368123
11,17,5.30587746962365,2,8.59000780361245
42,14,4.33335625512093,11,10.2812746310551
12,13,2.14929145231115,2,5.36145912299061
21,14,2.52053124703228,4,10.5114711561978
58,11,10.8885393017442,16,14.2422804349623
46,17,9.12868131988004,11,12.2854396991583
81,22,7.4668254164321,9,11.6226920392451
44,17,3.87587480190316,1,9.49055394436107
12,16,4.16764926255611,3,7.1818538339799
112,23,5.10652332223935,8,7.71913974154101
21,13,2.01365100036872,2,8.58314445281831
31,24,3.19345942191947,2,22.1249327292699
6,12,14,0,5.65996576041734
48,22,2.44218924699731,2,7.93801953812127
4,11,2,2,5.6700533970933
8,12,2.68282595705414,1,7.20238477738928
2,10,3.87298334620742,2,4.35567491411205
4,10,8.41106560569444,1,5.10258263937947
33,20,9.54299898619663,6,12.0324471853251
28,15,4.37357200919639,1,12.5406531232632
24,13,2.83485691077668,3,7.71409882870526
11,14,2.98169123880832,6,9.20753020519207
35,22,7.53667168073239,2,9.14229199006728
10,10,3.13649422018142,4,4.93905861824197
12,18,2.96458762618874,1,11.0228050234716
18,11,2.51262294791576,3,10.493244226254
29,16,3.58544375765636,3,8.28061883738479
5699,51,3.48619241266518,1,10.4172287988778
19,10,4.14271783684124,4,7.84289577832334
63,24,2.94797396748075,0,7.08006691335231
75,19,14.6952208650699,11,10.1656927765444
2382,40,2.39704225567476,5,11.485978822262
44,15,2.76800491216573,1,2.57904398394698
40,13,8.39870273776323,5,6.65965851254443
45,13,6.04546159119983,6,17.9870827256808
56,13,7.97916116898586,8,16.084127111777
31,13,3.40656412624319,1,9.67655112831921
3,10,1.41421356237309,6,12.8026476729149
19,12,4.00151966532462,7,13.6266201416155
19,16,4.68217419930706,7,10.7189764136123
50,14,7.09701083863405,7,6.88119751318863
14,15,7.1562299494279,8,12.8010049301985
7,12,3.27869538491907,4,12.1064537401282
11,13,4.01255648579564,5,7.94312224770746
31,14,6.39322951342243,7,13.6669545439346
13,14,2.03478189937769,0,9.47315001693448
400,36,2.89616006329297,1,7.48102899487203
14,26,3.08007028824102,0,5.80712728632476
146,19,6.96348260999193,12,13.5348008367638
80,23,7.47384348604294,12,15.2516479819592
9,20,3,0,3.85415660106751
10,11,1.84289682343586,2,4.1661311253001
13,10,3.27708171937453,3,10.1912612110824
27,20,4.77819035307838,7,4.76645336372799
9,13,4.25563534744144,4,10.0325648361305
13,14,1.8175343764505,3,3.06665317724817
43,16,10.3480840491201,9,9.0202645608807
5,18,3.87298334620742,2,11.0594794762914
5,17,3,0,6.90168952244336
115,19,7.39323890905593,5,9.64147982555147
7,12,7.80472358096707,4,9.34327568541596
14,26,3.08007028824102,0,8.48528137423857
83,24,5.35872665152575,1,11.3800347029023
6,17,7.93505646294398,9,7.83201291335773
12,10,3.51234515186763,0,7.69542497745085
64,19,3.91311280685231,5,7.79221623262622
7,11,2.21666255125087,0,9.68280997320122
54,23,6.16180527639708,8,8.27495140092199
31,12,9.83686665058244,6,19.4044624995325
41,21,5.25686783858794,6,4.69027758612264
91,18,7.7917910310167,8,16.0269020751238
7,13,8.42987305167728,6,11.0045669912038
19,17,5.73372955315748,2,4.50525151657864
24,17,3.37626404452376,5,10.1341117372732
4,19,1.77721981492007,2,6.77197061125692
111,25,2.66667330036045,2,5.54046036382911
40,22,2.67614119467828,5,9.84017329708455
20,18,2.19555185464937,2,3.53257219114272
3,16,2.46621207433047,3,6.19273801761393
27,15,3.43448986851492,4,7.94532348737082
53,10,5.0727375281469,7,7.08009408817326
11,11,2.10697818750634,2,8.86140664335643
26,16,5.84264497071192,8,9.83866980912809
24,17,3.49105209626938,3,6.27572300270028
71,13,6.49018644151429,3,16.87278214103
11,11,1.56508458007329,1,6.89935528955617
107,16,3.40245726958717,8,6.42920173308831
20,12,7.83565122714743,1,22.3032548093624
38,10,2.17625134986062,2,11.3812978918378
8,16,2.37956557896877,7,9.00585004330359
31,28,3.65532345360954,8,18.7214534395885
11,16,4.0536004644211,5,11.0132631152809
16,12,3.85045012638127,2,10.9848224999317
15,12,5.06899684670281,4,11.7809393641729
5,10,4.47981115959083,1,11.744943190099
39,11,12.1142752719738,15,16.3742881546448
5,12,1,2,3.77318626035778
26,18,5.72157433917158,7,8.13991576194204
59,22,4.79518906947991,7,9.33497518571915
58,18,8.4582453000089,4,13.5627843304456
85,20,3.54413001670036,7,7.95429302961408
79,17,5.49396512652013,10,8.0673086683135
152,21,13.0796956764336,6,8.09413455103922
68,16,5.49797473701257,6,10.3004418305612
65,24,7.87475955784463,6,18.2349733628506
13,19,3.60296667939031,5,7.8483525229849
67,20,8.406826204914,8,8.05105611196785
12,11,2.73477620162731,1,10.8723081505054
41,18,6.22792006542521,5,8.43947401477001
5,16,6.8905912232459,5,9.62959374498721
42,10,5.92383105304931,4,10.8103655548373
179,17,5.83664693163583,6,8.89969724397069
94,32,5.08625588205808,5,12.9789888495105
43,15,3.17374161269291,7,9.39673716210695
21,20,2.57637081369299,3,7.32936037093007
14,12,5.24068687615145,9,9.14260321641517
20,11,7.10658955164034,6,6.2972655206064
6,12,9.05403811167574,5,12.1883572992412
217,38,13.0550338614425,16,16.92350930662
16,15,3.06633282057958,3,9.33295038275212
60,14,3.73151208030463,5,13.8230275986959
9,10,4.21604677090852,5,9.46104271229289
17,11,4.18599028508934,7,6.82454285979111
117,12,5.65258342364854,14,8.95208975956611
48,11,5.33443159284965,10,10.9731565529065
7,11,2.08351916644644,4,15.7683865065563
6,10,2.9653098171939,1,9.25961969962215
51,16,14.3063101394931,5,14.3531754487728
10,16,1.71634511666137,1,7.58915950336425
4,12,6.72755626442587,3,12.2753850560334
10,10,2.61164823426784,3,4.51201699156294
5,13,3.91486764116886,2,5.69825779376404
5,11,1.16993081275869,2,9.01811176798354
86,19,7.91316080292985,6,12.517457092367
14,17,2.1192680453341,5,3.25607378158608
6,12,5.25695263263051,8,7.06149680144294
13,12,2.56929916490171,2,6.46552946196861
19,10,4.0603821698736,7,5.83715385232853
538,46,2.72062286641167,7,11.4964569361243
34,19,5.61095458690933,4,9.52234037428176
44,16,5.9662565842389,5,9.15526253918524
7,13,1.74110112659225,0,4.20373446915599
63,22,8.47957318552355,6,8.48778130279602
19,16,4.01310509574757,5,7.83141614894407
47,22,2.75606757301857,0,15.8678926137574
89,25,9.36803874955283,6,9.70189997591262
3617,44,2.70390198118554,4,9.17053919987721
87,16,5.61803160981445,9,11.9020952093079
28,13,4.52921515854789,2,8.07941487152693
13,12,6.90112830745143,5,11.8379257124731
43,19,10.486079860966,6,3.95155389559974
47,14,4.39576878350922,3,7.30420336186125
5,19,4,0,8.18881843359623
80,17,5.33632966658581,9,12.1559610750178
13,16,1.7370729389807,2,9.90108139937729
98,17,3.18599911303464,4,8.88545222004925
64,18,5.9059298510845,9,9.95171208507228
6,10,3.35526852677594,3,7.32395172556747
36,16,4.1408439991383,1,5.15154778864064
4,11,6.70820393249937,2,8.95583009294797
4,17,4.69041575982343,0,8.02600912854278
8,10,4.16016764610381,3,10.9889668279708
77,14,7.95943434967223,7,7.56173516486069
15,12,11.5607073260441,10,11.489186627237
14,13,4.57420975908595,7,7.885608122422
17,13,4.89049758262896,9,8.98397301416539
61,10,5.0322921390702,6,17.9046119342042
9,10,1.41421356237309,0,10.0499194173147
6,11,0,0,4.03204709245307
20,11,4.86989999531717,7,6.75117201351083
36,21,3.36752275394621,2,17.222711665878
33,13,4.3309106381531,3,12.6214544626122
37,14,8.26829506967013,9,14.9511156197481
10,10,1.4978322810342,0,7.38987434125486
28,10,6.10501885868137,9,12.6378219699559
44,20,8.59197551837219,7,11.7912106022335
28,15,3.03123420417042,5,7.512302947554
32,10,5.3110707504167,4,13.0976852038841
21,12,2.79523953604467,2,17.225002249063
29,14,5.12612083737082,1,10.9519650654865
94,19,9.47194492131901,7,9.37559756798009
84,20,10.7241285968243,5,8.36351153201744
43,10,6.94824630995498,7,13.9587926743235
8,14,1.60305851011454,0,6.48663064527104
15,11,3.4520045653775,3,7.89456414519882
55,26,13.1934300424358,8,12.7745595962165
14,15,7.30077493825177,7,7.051991271475
10,12,2.9956187834715,4,6.3539279457328
117,20,5.75264487703273,4,10.9799919289779
15,11,5.02239049906469,13,13.7521855590381
26,14,3.51486539732154,4,5.67531584398979
17,13,2.44910127347725,2,7.13826343829391
114,16,4.35831496088654,7,5.75050916504516
51,28,6.22663221263973,4,8.43392318257293
113,21,5.6632446797867,4,7.1351396234357
21,12,4.30509768866723,8,22.665511531202
30,16,9.1688528148948,1,8.19286934700219
10,17,7.85647762571273,0,11.9614920792437
18,31,2.37255496902735,0,6.77683223681102
21,10,3.79834493185714,1,9.19161026547179
19,21,2.93594138722052,6,4.29586417666469
21,12,2.2551206448,1,12.2418372870903
39,12,6.45550167571214,4,12.8370133500406
16,20,4.4696002081556,1,13.3352527886961
19,15,4.62132403697985,2,23.8329844941093
3,10,12,2,5.61127353061665
18,11,6.6527129292243,8,18.8526812240827
1192,56,4.31342249039276,7,12.3140831183265
11,17,10.4045980196077,4,15.8616017954247
3,10,2.6207413942089,1,5.24826362448185
28,17,6.05632800320281,0,7.38229906819693
58,28,3.86193241250236,4,6.13859232544028
66,15,7.03855743450738,5,8.2868977146889
14,13,4.2330858974206,0,11.0911333650768
6630,55,4.07088805722163,4,4.47389422830886
168,21,14.5144774554294,8,14.4358446873122
9,10,7.76071199325741,6,10.7125833487662
14,16,9.01575684593554,8,13.88766267278
26,19,2.7343986051116,1,7.3926225184796
93,17,6.40347305596133,12,10.7419425518127
29,19,3.39366730241901,1,11.0791417917276
9,17,3.92715041767088,5,8.58421338118478
3,12,3,0,10.5820228756144
19,10,1.72724815582366,0,11.2874860655367
83,25,16.9901689303371,8,13.41800718828
12,10,3.2525444475913,1,9.03017777468456
64,17,5.57725823957409,4,6.78610736137552
57,27,3.15177589622572,1,10.9737521959724
41,10,5.37628905713111,4,7.18298412049792
12,12,4.10791907361926,0,16.0139335278407
40,12,1.62356436842707,0,7.40031179215032
16,14,2.49097386066427,3,3.53118445992083
101,12,8.56318925771367,8,17.1074216714106
11,10,5.7326567532262,3,4.19281474530235
973,29,1.94203152159351,2,11.2389284327481
38,17,3.97791897042134,3,4.25506754110725
41,19,4.65969446616929,3,7.12534064821799
24,18,3.0909744678615,6,9.07397068845999
13,10,3.37660826752351,4,7.76349008351274
46,12,3.79147299413903,3,11.2687453230841
27,17,3.60433425507514,2,5.80157972512678
8,10,4.53366574753278,0,10.0421986669855
60,21,5.28060171929725,2,5.93427909305752
14,14,2.32881191968029,4,3.99459518208234
32,26,5.91259798551749,1,4.50668676168531
12,17,4.98444995301574,2,9.41524566361459
30,10,2.46237221471391,0,2.57204853395323
7,10,1.97635636114359,2,4.61026070765084
17,14,2.80531743633726,1,11.4151652725923
40,15,5.84123008514019,6,6.99207474425189
37,13,3.12702924563349,7,7.59397544508552
89,17,5.1832416811095,6,5.28754096085546
27,20,1.4536467386495,2,9.86479834686341
4,13,2.28942848510666,0,8.34465708102336
10,20,4.17889378328513,3,5.03808318089356
10,13,4.5298688016454,11,8.65203684840327
8,14,2.85814577767191,6,7.30283728218263
5,11,3.77194554811708,2,11.7467335117457
4,14,4.34489098849151,4,6.3477103971589
34,14,4.32004957963999,7,6.53521487303095
33,10,3.54297269909441,0,12.1066680531213
22,26,4.41957194104317,0,6.50721360917962
7,16,3.27025939827926,4,6.27030645972113
32,10,4.45119137587888,3,11.1694862130699
34,15,4.7009006477259,3,4.07557002644954
62,23,6.47471559760574,5,14.1869767563933
126,16,6.11570466232045,6,8.52992963445838
60,14,6.45551520838139,9,13.5789110418674
10,11,1.93313213150572,2,9.37676508446646
2,10,4.22920256108438,1,12.9859812093622
96,11,6.18679821472614,3,9.55008427330995
2,10,6.29792423371507,1,9.60126782162514
64,23,3.35586087431289,5,4.4646335812648
121,21,4.49659253594891,4,4.66904400081161
24,11,7.96741600572023,4,8.02149402751984
26,11,4.2704171962688,1,11.2552579044756
9,13,7.65663940271933,4,5.78921878445018
25,10,11.8647635430929,10,13.9300536544487
24,12,8.583518014803,8,13.8658069101611
62,22,6.27431089786184,5,7.42106571532266
31,20,3.96885041456864,3,7.36723254492347
12,17,3.53738539109697,3,13.0793029672578
52,10,9.12449428845621,10,13.943405657777
17,10,6.2449979983984,8,15.8446236293198
20,13,6.78420607909431,9,12.7347937145355
11,11,8.65735769952873,7,13.8268247409301
6,14,10.5830052442584,1,7.09073202260686
185,36,11.6209280988208,10,14.9158721835854
23,21,5.95692396068506,3,10.2023516071289
17,11,4.40100727483851,3,15.6947220080381
61,15,4.46342483378094,7,12.0839552167594
35,21,3.01574039214294,4,10.7054470919715
10,18,2.91295063024394,2,3.7274821289098
13,11,3.76159493175295,5,4.12846706962905
16,19,1,0,9.17860498626054
16,17,3.64666751701013,0,9.29532306366853
5,14,3,0,6.33210961596244
25,10,3.77324406209846,7,8.0476416191719
15,11,3.27754677927712,4,7.65745217736626
10,12,12.1305196819471,4,11.5645790574082
5,11,0,0,7.84188807244623
28,10,8.4306478948695,13,16.5542536189972
12,13,3.43979062825039,1,8.50442646973919
18,11,2.51262294791576,2,8.70455115678815
4,29,0,0,5.93276939568287
8,20,4.38572449150349,4,10.794623045395
18,11,2.51262294791576,1,6.30574099993916
12,16,9.29407460783393,12,10.8520637681936
16,11,3.47925225057625,5,5.90450842274053
10,13,5.19016963734993,3,9.27635782791299
14,21,3.19033845602494,2,6.34844202199925
98,20,10.9963109580896,9,12.5297469592503
7,17,2,0,12.2746866038496
4,12,2.23606797749979,3,10.9119918617598
51,24,3.77676783581257,2,7.79510603975218
28,16,12.5174595782256,8,9.47268361218494
31,18,3.99859596149166,4,5.45455813730142
21,10,8.32590340730577,6,13.0033996997409
18,18,5.18225410292152,6,12.4363727578327
63,20,3.34139105198493,6,10.4752300307583
12,20,2.69708574671408,0,6.07081606236678
17,15,1.5576019280613,0,12.0256598781401
89,18,6.75862377947081,8,9.56530984789498
14,12,2.01456185739506,0,5.68999674588876
11,12,2.76127513360771,0,8.22837567087236
4,10,2.2061914938372,3,10.3439962036656
5,10,3.60555127546399,0,9.81440684322869
17,14,4.73908739350229,0,13.1880164409388
43,10,7.41421566130094,10,9.88753680897474
4,16,0,1,5.42363149307352
37,18,4.2928693047508,7,9.04020790319502
13,11,4.60329024869638,8,10.4092481095551
10,18,1.37980737032089,0,4.49269965457888
67,20,3.81337912050567,3,9.8802130573548
74,12,6.49497837726268,4,8.88028416129543
39,13,6.15831690501745,13,14.3080009776568
128,17,6.77389066990398,3,9.59242835958447
21,25,1.72273053782357,0,9.22410309505222
51,14,3.78527527215442,5,5.25587541636519
4,18,3.46410161513775,0,7.62515217092274
77,10,6.82954954862838,10,10.6913711889775
22,10,4.00001355208908,4,11.5857132068196
17,11,3.20839878774093,1,8.01345071245123
14,13,9.29750503387913,1,6.71284479822138
18,16,6.32550539133818,5,4.87999370664434
8,17,5.2350782509681,6,11.1088440953637
55,12,5.36849616241083,8,7.64883468595858
16,18,4.08379767217147,2,9.3237120489435
19,24,4.07525069562127,4,5.93272923818376
18,16,6.32550539133818,2,6.96384911089408
44,20,3.69098643438624,3,4.36864073596906
108,26,3.8344718954056,6,7.00385347014636
14,10,3.66474214880089,4,9.56172454174691
25,34,4.05077850540225,2,5.38572750212368
64,10,5.45882405598864,2,6.30070474136551
77,10,6.37507408985823,4,12.7519263822006
10,10,3.46410161513775,2,5.08031049097839
114,21,8.90265836756943,1,1
66,12,9.68295829245904,0,9.19340175436906
30,10,3.8985585607252,6,15.1212558932243
11,13,3.27972259120639,2,5.0128175652648
26,23,2.10777521633307,3,8.21133258970763
14,20,1.53719563139176,1,4.10748219010328
22,18,6.7292622808307,4,12.3165181941125
55,10,3.60553216568579,4,5.4023389048936
18,14,5.19243836879405,2,10.5537585545832
2,14,2.51984209978975,1,12.8252621579023
23,18,2.3774550725295,2,10.8154893484469
2,10,1.47519152526775,1,1
2,13,3.46410161513775,2,8.0911278078339
15,13,7.10368625307037,5,8.46667331619229
16,12,2.2599642511131,6,12.3466612372011
2382,40,2.39704225567476,4,9.48876545586433
27,17,3.17698938930646,2,10.6957864031216
24,13,3.04001630228909,0,9.35358675979238
2943,42,2.54933222391665,5,12.0031807815349
57,14,5.98125858367255,8,11.5803458218092
20,12,4.22539038744518,4,10.6235928968306
27,11,1.77030829295521,1,6.2956868752531
4,10,1,0,7.10889403054169
46,13,4.73204352791375,9,10.7185736276683
24,14,4.06936721033235,5,6.13182300061219
5,14,3.13016916014657,1,4.34082271603601
8,10,3.62310325656651,4,7.30464863580495
49,10,3.9919959683079,5,5.95698494042649
24,13,2.86784249964435,3,4.73924197979144
9,12,6.74252191019516,8,5.0236958175889
54,13,6.27836608181413,2,10.8750588307734
32,11,4.72325232812906,8,10.4207802664021
162,16,5.43429166070416,6,5.84601270549413
9,15,4.24264068711928,0,6.84851347245634
47,16,4.49242695695752,4,14.1595062248772
15,10,1.41690537501492,3,10.3203356797169
8,14,1.41421356237309,0,9.23863932531676
18,11,4.31513555044803,0,10.3392854525715
16,10,2.39243554313294,1,12.1140452499074
20,12,9.32446656092532,12,12.0396984808466
14,19,9.21140984264635,13,13.3945637461325
22,14,7.95823640360288,8,8.10028409145158
5,10,10,0,3.94602079808325
10,16,2.74245272726657,4,10.2178213606057
12,12,1.85443082229061,2,12.9971090491708
13,24,2.57500481663944,4,9.48355319119954
21,12,8.88049115939358,8,12.4800785360415
3,16,0,0,5.1784336029336
9,12,2.13746844649741,3,6.66062756003782
16,18,20,4,12.2431129127276
141,34,8.80886021622986,6,9.41429156861467
51,16,8.2150314379275,11,16.9827530199203
78,20,12.6715706208015,5,10.0216579685494
22,11,3.39672585960663,6,6.26897021563824
22,19,3.7269518623176,5,9.05023218891208
4,10,1.41421356237309,0,4.97817005598764
38,18,4.0465243285437,4,5.62507861098556
44,14,6.80060578162345,1,4.43080707216831
25,18,3.01896126020036,2,6.38134562355782
10,12,4.35620998417629,4,9.13780418254838
38,11,10.4119877299213,10,12.5058193590555
23,19,4.37325393981876,1,4.59040282663933
17,21,3.02740010403509,3,9.05259895189452
153,20,5.74783572586608,5,13.4628878682341
47,16,6.79024783695186,5,6.90183988003535
8,11,7.88675542549233,5,6.04260453569122
26,16,4.24623913655169,5,10.3215434322524
2,12,1.25992104989487,0,12.1083489820679
2,12,2.44948974278318,0,7.11180858020843
9,10,3.42662873851293,0,5.87609035023821
7,10,3.77475655831124,2,4.80394876205338
18,11,1.94638997362764,1,6.51816405305761
26,13,5.27025906113464,5,5.7302222208275
100,14,9.76938749455372,10,10.5571133382476
8,15,2.53917695148275,3,6.66848675616035
8,10,2.52498038909518,7,6.46694442636712
31,28,1.93690005859773,0,5.86638829970093
70,21,8.1460618093409,10,9.94708005854846
42,10,5.84012252849229,1,13.0072936894253
8,12,2.51923228221462,4,5.14859333305048
12,16,1.91405491434979,1,1.99481183899524
12,13,2,3,9.00235946869696
16,12,6.90204993288695,2,7.9600786567568
72,22,4.90872704396456,1,10.0301991679552
36,20,5.09852763875973,6,15.9302843507697
9,28,8,5,17.2503855092614
23,13,5.28656564119675,7,11.7907322717465
37,16,9.09055542937314,5,14.7305848786029
81,17,4.5761067877364,6,6.38516542493268
30,11,4.40220200395501,5,12.6928233619795
10,19,3.60930897107086,3,5.08731364081246
6,18,6.64893810947918,2,10.8765006224338
4,22,2.27950705695478,0,9.62232387598404
17,12,10.1293835507757,4,9.29859324721001
138,17,8.25999436609318,14,13.4101947112502
9,19,1,0,3.74773900209906
11,13,7,3,9.10645369629861
15,10,3.79605110705477,1,8.35794770323733
31,11,2.58711850105913,3,9.28033385136615
39,16,4.8984459604168,1,2.82995731677407
15,18,3.43093628992595,1,3.87138509966657
34,22,4.66022480419223,3,6.16394961616708
20,16,8.53421527726059,7,9.00369208904015
32,26,5.91259798551749,2,2.78877397443227
35,16,4.28724416798117,3,12.3632541263445
51,17,3.63068692266344,0,10.5096608285184
4214,46,2.83889932864554,6,11.9047391216691
16,24,2.8057498043795,0,11.4392506040837
6,12,6.9315107264935,3,7.07834914695501
18,14,7.36189926159209,0,13.1904078151094
36,18,3.72579067636585,1,8.57527058073139
62,15,7.19328530788493,11,6.7213883103831
78,14,4.09781987146801,3,11.6324056027054
48,20,4.62721024205262,3,11.6731808782435
42,19,2.73473696511344,0,8.38267476706847
7,15,2.91295063024394,3,9.28526052274662
13,11,2.80596402052645,2,5.89247642814567
3,10,1.76273438326762,3,4.39730490184095
40,30,2.79878686711282,1,4.65167711646735
24,20,8.91889067601136,6,13.5749956198581
8,15,2.56177997059046,0,2.85397787350511
74,23,6.07167706241313,9,14.569367525166
64,11,8.86659193983032,7,15.8211943845918
12,12,5.68855337447684,5,9.60024642545285
23,17,2.7857881411343,5,9.05959099195172
10,12,1.91947121957741,0,3.96690657412287
21,12,4.56323908629991,1,13.5028484656324
12,14,10.7150136203915,3,9.82593528275769
23,12,6.09377242750611,4,6.68828723309525
22,14,7.82373113895015,4,9.44925960767122
61,27,2.90748906531245,7,12.7193260275948
6,11,3.16703727178473,2,7.62794833121224
37,10,5.774744533927,4,17.697803840956
13,30,3.23134813579111,0,10.1245217327869
22,14,2.99379516552391,3,5.05897403823474
63,22,5.33710224710618,7,12.3755814662812
44,17,5.425767981719,0,14.253448262731
9,10,3.06135971520501,1,7.9997113831118
10,11,10.5580290171553,10,12.0017112497094
36,19,2.32583241264229,1,5.86232535825147
5,18,4.89897948556636,2,5.77451063293449
60,18,7.33756947801502,10,9.43136750969816
32,18,4.86130604961661,7,9.92090451210738
65,17,8.25765821706653,3,10.4615017031892
3,12,8,0,7.00473078467856
597,47,2.85562101731268,2,15.8579409888857
5,16,8.94201403674127,1,4.23070152962168
15,23,1.41421356237309,1,3.80673408901756
14,11,2.40562938669335,3,4.80900060866006
2,13,9.16515138991168,4,12.1813625389031
24,14,3.31886638928824,2,9.01477341353676
26,19,7.48331477354788,0,5.24375527298812
3,13,1,1,4.1872508178068
35,19,4.52958136501795,6,6.76146469542088
39,12,5.82494118284123,3,9.23150475968609
17,21,1.41421356237309,2,8.29521398508998
66,20,9.32815142629285,11,15.0224265832319
49,11,2.72068269262128,1,14.566076977562
59,12,3.05306108071915,2,8.69984701041276
38,16,8.35113773228249,3,12.8896767327408
6,13,4.21716332650875,1,6.23057613738124
50,27,4.82072788730188,1,3.87298334620742
9,14,4.90224374104046,1,5.31329284591305
9,11,3.55012385667763,1,4.58257569495584
17,10,4.08552920220223,4,8.06468930751188
42,15,8.76103717783006,5,4.54743324017668
79,17,11.0446704872739,4,6.54139890156532
9,11,4.10796648728439,7,8.36218266459337
70,14,10.25964132131,6,15.4528371373347
54,13,8.87014613154711,5,7.69361291416528
13,17,2.72725528680745,5,9.20548458292612
9,11,6.50114392822106,6,11.6418531843129
12,10,2.41657058660112,5,4.192090781245
57,21,3.01658374670695,0,10.3524467661232
45,40,4.01075187465443,4,11.8267818184578
21,15,4.37936710756176,4,4.31447389764227
12,10,1,1,5.52072989536927
32,14,3.73096590024153,1,9.06384185794119
3,10,3.09912751752414,6,8.25505227320316
3,26,0,0,6.05918660829424
29,13,9.96765324842095,4,11.0680401091079
8,19,3.91486764116886,4,12.0690269584075
24,12,3.85859674863952,1,8.75356866975106
13,14,4.25443909855257,2,4.47213595499958
45,15,1.41421356237309,3,4.38004565233167
3,11,11,5,12.5133549178176
17,10,3.34265890433695,7,5.59271106723858
41,14,4.14668329120886,7,7.30572492038931
45,16,7.09680315347586,8,20.0350280508938
53,17,6.84654631464435,5,9.48269703795864
2,13,14,1,6.54952709092353
30,10,10.7524476335402,10,15.1945569967307
136,25,13.5674777642071,6,10.4136189133959
32,13,6.60793878723328,11,11.6996221862708
24,16,5.28991423281669,6,6.23299621022334
15,12,6.73046719343998,2,10.0505274581963
47,15,5.48697364983327,8,5.91874963806008
12,12,3.30192724889463,2,9.3916359733574
18,19,2.32026235412693,0,12.8493825975422
58,14,7.81754708312351,8,15.2938077950077
2,20,1,4,9.34111400646564
4,13,0,0,9.07218742277512
2,11,1.41421356237309,0,6.29269256729158
11,17,5.92289878987518,10,8.31781089641006
3,10,9,1,7.07757009494188
3,14,2.82842712474619,1,5.91658777616548
22,17,1.92059937660115,0,5.9653063521858
7,13,2.20321672693593,0,2.59976454969403
10,10,4.44492798103701,10,7.4305649370861
35,15,6.6882342228703,8,10.084529644067
17,18,4.89897948556636,4,7.19543079296728
43,14,3.50581187696293,4,8.58527445334343
4518,47,2.92467494526702,0,6.94482802885334
4,16,9.81764275843195,8,9.81507817373311
46,17,6.22037690385712,11,10.9564081122954
6,12,2.28969401589491,3,5.77381339346953
105,18,4.83497138822172,8,8.26719471611422
14,19,9.21140984264635,13,15.9545882095524
26,21,3.66210672754074,0,12.5920656168626
29,29,1.73157732287233,1,5.57876321724166
30,14,7.06180554295365,2,10.35951067676
19,11,5.33006441438526,2,9.60677597842423
14,13,3.65202759933299,6,7.26297507125542
7,11,4.71865862714967,7,10.3644056466733
22,14,5.92580969901772,3,8.85870612495463
50,13,2.70800210107323,2,5.90525857083345
11,10,2.93015605158352,6,14.6515964792556
18,18,3.22370979547063,1,6.16642978215023
39,11,4.59950670910323,9,7.86847904653038
69,19,7.0049581717056,5,12.0127516348197
41,14,3.59756283892313,2,11.1942177579536
120,19,4.68810899449842,6,7.85048481551198
11,14,5.71657570438615,9,13.9838538354586
28,18,5.36151515629808,9,10.2196337796722
34,15,3.44044564753466,6,13.880668773124
7,17,2.28942848510666,5,9.66557173304062
17,11,6.2153715256898,9,6.01067620051096
72,18,7.16967803823255,1,15.9866078943717
19,14,3.54338919732331,3,8.97819783909243
14,14,4.49455321166933,3,8.39355984197382
39,10,4.99421733872946,8,11.8982403063656
5,14,7.41558550213468,2,18.5162116011918
18,17,1.66851044102683,0,9.49623956480553
54,15,4.72807369251892,7,6.11457076102447
6,11,2.40438454309122,0,9.3800635689737
22,10,3.05916534906069,8,13.6139619762383
10,30,2.67228930177142,0,8.36853757440443
28,13,2.05997049582609,0,9.97562730138631
42,11,6.80605431785769,4,10.2040180583881
72,16,8.13214440880906,11,17.4103684455066
42,18,9.57677738526915,6,7.76794979482094
20,15,3.57591103854086,2,11.4385884820986
46,25,12.6227953594578,3,18.6626493049587
3,16,1.33483985417003,2,8.85004182424048
66,30,3.65360482793975,7,10.1574068215796
25,10,5.55404366386168,9,10.6458599242443
35,17,6.0581439070868,8,10.4045507193425
42,16,2.73083128573835,4,8.53750659512003
45,21,5.31099865340573,6,8.8866650156681
16,14,4.65655107861205,10,13.1154620552435
3,15,1,1,4.69276050206013
1543,36,2.22452221324517,1,20.3070102863256
58,15,7.14974313325751,13,12.1582989990795
91,14,6.74426143006777,8,8.38272388109028
86,15,6.49798070696251,9,6.46114515116743
45,17,8.45789393188114,7,10.5719019217537
21,14,5.04143791510803,4,4.53981917837773
32,10,6.29114102786572,5,12.3389534541819
23,11,3.7484753435873,1,12.4525351382903
16,15,3.44838214621978,2,8.53203776712309
30,14,9.11077534555134,0,12.6810790323796
6,15,1.57113958920376,1,4.76111101712076
17,13,3.58347871131939,2,5.14346270861664
17,22,1.40662804126319,1,7.20247880170406
44,32,2.87440463261152,4,3.9204872051264
30,10,5.73754519326949,1,9.23986941736159
12,20,1.5874010519682,0,3.99954529085165
71,16,2.01648283018411,0,6.36510827106345
13,11,2.80596402052645,4,4.90708868952841
13,12,3.24818157577587,6,7.19583206880109
20,12,4.84164571595159,6,9.69513688153789
21,20,1.77898803279135,0,10.3251003524829
32,17,14.7030098126214,4,9.04544918339563
47,13,6.96264656068644,7,11.5604417954458
156,23,7.43191834062534,6,17.3519822369996
33,11,7.5847364849153,7,14.7898904060466
3929,45,2.76336293622471,3,7.46901997763133
70,16,3.24057353465796,2,10.247437421548
9,13,4.71769398031653,0,9.80601530020859
41,20,11.7107961256761,11,12.7876751228583
29,13,7.10037199518021,7,6.81223401518511
6,16,6.94215805078096,10,11.6209825018163
40,18,3.50455551707476,2,6.2214942584976
6,15,1.73205080756888,1,7.40836030032214
172,22,4.44211740318064,0,4.82978276095547
114,21,8.90265836756943,1,1
36,18,6.2203104011395,0,4.98659823049284
10,11,4.82579170751194,4,7.01712556346606
44,14,4.37491678143449,4,7.13426569522729
9,15,4.87374079801384,6,11.5519764822971
4,16,5.29150262212918,2,7.49275852284758
59,16,6.12422948262299,8,9.81712797606913
13,14,2.33481514867803,1,12.7086373358447
118,16,6.31078866644965,11,16.6454325314712
11,22,5,0,2.53460271740491
25,10,5.35904863207818,5,10.2010409343693
3,11,0,1,13.1560068956963
8,14,3.68403149864039,0,12.0913874315822
7,11,2.7433161010716,2,7.70969514084728
3,11,0,0,9.42172756061964
51,11,7.24818505291406,3,17.5496560964268
13,14,3.37854319387961,4,4.7545927628722
58,14,4.97346895827702,1,9.3159044973914
25,13,3.5531007414529,7,11.0802353056323
18,13,2.21336383940064,0,10.1035981274885
76,26,4.88200686135485,6,5.0657193508815
6,17,4.79141985706278,0,4.97893915054869
54,18,9.07241448238436,7,15.9830031010696
4,19,4.11953428781423,0,7.14730039385986
27,14,2.66667330036045,7,12.0209291365247
3,15,2.42626571440214,2,15.8702275711361
36,19,3.08514101069529,4,8.63198434086454
7,12,2.60367479700142,0,9.46817775994061
12,24,1.5874010519682,0,5.51010928438457
42,10,4.13928609473498,4,8.708741568293
16,14,5.93242795527312,8,8.82438404192241
17,12,5.1924941018511,1,7.54506042141765
15,19,7.0491281002011,4,13.0272783511851
2,24,39,5,14.1653277445171
18,25,3.15830741051862,6,11.5824746873848
30,10,5.03635377196345,9,11.5261039303444
6,10,3.82350220807436,5,6.1553014799869
160,27,3.5433590126652,3,8.25522732541524
54,13,3.72500402397268,1,7.86075583032581
26,13,3.33426349365995,0,7.807545148566
6,10,2.80774252853644,3,6.47828912155754
51,14,3.44816486958424,8,6.56461800157007
11,12,2.58316842105446,0,9.48513850205262
4,12,2,0,6.6057575663476
46,18,5.56340398880565,9,21.5127162329927
90,25,12.3238177041668,6,15.1969022298167
32,18,2.14020894710252,0,8.02276198102311
261,25,8.80850438287304,9,9.28220745916021
22,21,5.54425047113512,1,12.2126936252476
13,16,2.28942848510666,3,7.97822763709641
49,10,3.9919959683079,8,5.18812191843045
15,12,3.27132650305029,1,7.6932751918349
45,33,5.29628834255255,2,6.47981986142753
4,19,3.46410161513775,0,10.5892268685413
66,23,7.83585881920148,5,5.20544921630623
8,13,7.11378660898013,8,11.3487028319306
92,21,6.27407571959548,6,10.4047040221607
29,16,9.70217502935276,5,9.26395930752031
53,17,2.29951265332699,1,4.25852930986163
18,14,3.24539533281039,5,10.2662246589425
55,13,8.41402121089338,2,13.9527841413634
1192,56,4.31342249039276,15,15.1315209598784
14,11,3.82243127861826,3,13.0688392703358
87,15,7.37757352041609,6,10.9970226132852
34,12,7.31656637185818,7,7.64387784826916
35,22,5.77941790369039,3,11.4657635328258
15,16,3.08703503389961,0,9.04580698115068
19,14,11.9699306840277,3,12.5021402408243
8,10,2.8880298379977,2,9.25535173648546
70,15,8.89775616203673,11,14.6294718137416
95,31,8.74602155906716,8,14.3076773225266
41,12,6.70292580061485,5,9.42036053363605
36,15,8.31744468627805,5,8.18209629499577
75,16,6.29922563402808,3,8.96864392263159
33,12,8.54749699804718,4,9.89743052168049
8,17,4.87873934388328,6,9.1896865461904
4,12,2.9653098171939,1,6.60360206429708
22,18,4.49783045956847,2,10.5854784828954
73,15,6.90695545733579,13,11.7301685158925
35,10,2.56725839744741,6,9.87925415447742
25,14,2.7712074040909,1,7.71207905751888
25,11,5.90633027410993,9,7.47606165900977
18,11,6.47826192204128,6,9.37091585969597
29,23,3.99457222328826,3,7.58400379970802
29,13,6.88624464298592,9,20.5500883973641
31,11,4.03669531922676,7,12.5481410052598
9,19,1.73205080756888,2,6.98281245655081
12,16,5.38321261208728,0,10.690189925494
31,10,2.76632373444518,5,5.67813186242006
17,12,3.96801382408648,6,5.05631835096302
42,10,4.76490543453152,4,10.5601759262421
19,20,6.43510695156283,1,8.2016473330615
34,17,4.06281178709618,4,5.46307571407551
15,10,3.39491124482316,0,7.95774354723426
5,10,1.96529026420862,3,4.11639010146604
13,13,1.60831190760079,1,6.44882026621202
14,18,1.529819374737,2,8.3753090128254
79,23,8.77289814389154,9,9.30370364241947
25,13,4.62541069975265,1,15.2242818028183
15,12,4.00455606855129,4,10.2538795247677
25,10,4.97734272139583,5,7.97360149049391
40,25,5.70853747491042,6,7.30565011660442
13,14,5.54199165362176,8,12.1892132626198
52,15,5.62783947691072,7,11.6523902682464
28,11,2.53460271740491,4,9.56651017638616
21,15,4.47721694915655,2,5.36675521096888
8,10,4.97933952406802,1,7.19540451056947
17,26,1.31739368404873,1,3.70609511263527
3,12,1.40541301771577,1,5.77657824639113
24,14,4.30791411283103,4,6.55646197142056
23,17,6.2772556796778,4,5.97961051980161
36,19,5.91559155960416,5,4.05298962051475
9,12,3.8334370717914,14,15.9835412966698
6,10,2,0,3.65963247292385
22,24,3.51888004235403,6,4.52148883351565
11,24,1.69838132956495,2,3.99478127150033
60,10,6.72434094577519,6,9.09484975801171
3,11,1.41421356237309,1,7.28387535123065
51,18,4.94220080592023,4,6.44287249188633
26,12,3.90630710185805,4,10.7641221736459
13,15,2.91768853812355,0,12.6811575386736
91,34,6.06942884301912,5,11.0030202514311
65,25,3.32710293584488,3,9.43958346744273
42,10,8.81280423616004,8,18.6642134283841
49,28,8.26503498058156,11,10.742853004244
11,20,1.51631602141242,0,7.62306360473124
4,11,3.65055676582069,1,11.6626191078733
34,15,1.96831364414954,1,6.42312128452035
17,15,3.09710671540347,4,11.2186323724819
22,16,2.80846096646354,5,10.4802825090505
9,18,3.32554997070692,0,12.8764898461407
2,11,1.34687176593718,0,8.17548467440372
40,12,6.28897225698519,1,15.1192208541626
29,26,4.09299934859758,4,5.83882575080101
47,15,6.23857985716318,6,14.9748708469294
7,14,1.41421356237309,0,5.95498588141173
39,20,4.09244393781996,4,6.52023376916172
60,25,4.44450990140681,3,3.16869241763545
17,21,1.41421356237309,1,1.57461010625845
62,18,6.88616742566229,10,11.7861602499371
10,14,5.06333501663194,5,6.97001511964403
14,19,2.3988401583986,1,12.5454620162907
5,14,5.86726096902553,7,7.899862643822
22,30,3.25319249804764,4,6.28586705910172
80,23,6.29940606455699,7,9.51540178319848
36,16,3.36144039575556,0,6.04225304662801
15,12,4.59632863785032,5,6.31507643928407
17,10,3.57517028507228,3,8.42211410338355
64,22,9.61188279943162,6,10.0601885726434
9,17,1,0,7.32058682847203
4,13,2.37000847284916,1,11.9520642584333
19,12,6.51602313863486,4,10.1160714650639
49,19,4.27632588036895,6,9.51081037526902
54,12,10.1729025397009,8,12.1149089863686
33,10,2.90225166795451,3,5.36328341736434
29,27,7.76404035409868,4,10.0759982852026
21,10,6.03064747506061,5,19.6168319201786
48,18,7.96676787666579,5,6.43981302586538
28,10,4.52212986755713,0,15.5489033863678
120,14,9.2837571223144,13,14.3652856189636
27,18,4.74279396088785,9,10.1777848613935
25,13,12.3913410469184,4,3.71300587167348
11,14,8.73885189073182,2,5.03836894631976
16,12,7.75458239563148,3,15.9356253087995
19,21,3.77937565079308,5,9.71690420761755
51,14,9.90315472931068,7,13.0965041850177
18,15,2.89250760851908,4,6.07448288328542
36,12,10.6024546003358,5,17.021165380633
20,14,3.48847644959634,1,10.04519061986
7,10,5.00952585203336,0,11.2190008274191
18,13,3.31702123487704,0,9.80587480971674
8,12,3.70832649466046,5,8.03180189488167
35,15,5.22167445023257,6,10.1524727332525
41,12,4.27841965449961,2,14.0548788580501
15,18,1.44224957030741,2,6.55955348172912
30,14,4.8955785979979,8,5.44378261389979
9,10,2.22064303492292,3,9.4863378563565
155,18,9.12900896463644,11,9.60715682381496
78,16,7.56256253918774,7,13.1144833195066
30,12,2.83107356026195,1,8.82747926134944
3,19,0,0,5.18107669879487
19,10,4.15353661984813,1,10.2188555637161
13,21,3.95389201059409,0,5.4067503628439
5,15,3.52979203486104,3,5.35877644367549
5,17,2.44948974278318,0,7.95198625671603
13,15,5.36644083201811,5,5.87193335288965
6,16,4.58080632641964,11,14.6919756122051
8,10,4.09481618297433,4,11.6114695358611
30,19,5.40432158615531,2,5.76831891526075
5,25,20.5671011620596,14,15.5217054766416
12,32,5.49645952887766,1,6.2119778722003
8,20,3.77926670891136,1,4.48223350585909
22,19,9.69726061628559,7,9.30244030622593
9,13,8.90785194258361,2,5.38332196288433
70,14,3.91495179767218,4,12.2811815034447
37,18,5.330544440783,0,5.53847228897372
2,12,0,0,6.12777412560081
2161,39,2.31671799254608,1,3
5,19,7.61504431874759,3,6.56771770310969
3,10,2,2,6.48778524355585
3262,43,2.65215249322773,2,6.94706002758495
11,20,2.33481514867803,0,1.41421356237309
12,12,4.46397175938177,2,4.2649201340052
2,19,3.22370979547063,3,6.90630018208671
34,24,4.03734880020583,6,18.9269923275818
14,10,4.30456161043811,4,6.73974247497194
5,11,1.16993081275869,2,9.30546808033407
3,10,2.17062557953997,1,10.710652690571
18,26,2.25535367807917,2,10.2133595345511
54,14,6.5906138271796,8,22.5956462149859
41,10,7.4201733487845,4,16.8196370308584
42,12,3.17662544404279,1,13.2963117411568
41,23,0,3,11.3886635338364
5,13,1.41421356237309,1,8.99699694919796
6,12,11.0520944959212,2,7.14609386734764
48,13,4.78707370703315,7,13.590620964298
6,14,2.44948974278318,1,6
21,10,2.85694466721974,0,8.40180082629847
11,10,4.65037926005024,0,12.0518153191027
19,12,5.00171890808263,5,9.83020385137989
35,13,4.79485953386379,3,5.10644015967286
11,13,3.3015461311389,0,7.00538404578049
103,15,7.09229866883163,1,13.2212113158608
10,17,2.87606582662653,0,7.10098811571778
9,10,3.82160767922921,2,8.46559809754027
52,19,5.4391240304854,9,14.545638981845
18,13,3.22657127233404,0,9.39557409726025
7,26,3,0,8.26122075432748
43,11,6.69582255378643,5,11.4729616293472
43,16,3.93869320382806,4,7.8139234959583
24,11,4.87851728147994,4,13.4058407154635
18,13,3.10827658492697,0,7.40087570389601
38,18,5.71865940598839,1,13.427207089266
35,12,3.59449505911255,6,8.27375860098427
185,19,5.18771509012307,4,10.1273971050628
5,11,1.55771569432376,1,7.258267285144
6,16,6.94215805078096,10,11.6209825018163
2,19,7,1,5.62191244988599
41,20,8.46698905732256,7,14.9044587242882
4,13,2.44948974278318,1,9.50945551949744
3,16,0,0,4.12571923034602
8,12,2.19347070964201,3,4.64295186511585
95,14,3.79026650851005,9,9.04810682723829
7,14,3.50746722949517,5,5.02306303226194
10,11,1.79246015427584,3,6.02026761038208
11,12,14.1216492314525,9,13.2487533837763
6630,55,4.07088805722163,4,11.2788957119647
27,16,5.57345686831401,7,15.3083903891078
9,14,2.03964890265551,4,9.88185109073741
7,11,3.86341479888389,6,7.39733167705713
29,16,3.58544375765636,5,4.75305002464569
83,29,12.0547534639917,8,10.7386396051945
11,10,19.0695616527004,4,9.24257291625405
9,11,4.04630852496837,7,15.0416813241886
7,16,1.73025869901697,1,15.5966712694572
10,10,2.30032663379121,3,6.34205843914983
26,13,7.17875782981503,2,11.7142537532334
4,12,3.10723250595386,1,4.56072808311386
13,10,5.0721060150041,7,15.0975684807566
7,11,1.22717800445368,1,10.1494268727432
91,18,7.7917910310167,2,25.2538978880647
28,15,4.09168285044751,7,4.97671377228818
40,26,4.01916576541538,0,8.58211692999121
46,25,3.16460041285884,2,5.36510182830875
8,11,1.81060984339537,0,5.08013403027618
17,28,2.31782761113647,1,11.7380231901642
5,18,2.94369279724215,0,9.68269208702798
18,13,4.52534662752411,10,9.56770055450998
20,12,4.66111446962802,4,12.7781391370004
36,12,3.75951671493328,7,5.59530154393882
23,15,3,1,4.17685931553209
2,15,2,1,3.95203201579583
96,13,8.83593641949222,3,7.17289832514024
31,18,2.0296635898134,2,3.75659167466849
74,23,6.07167706241313,4,8.66100749365098
14,14,0,5,1.93085830973013
16,14,2.74459656900415,3,8.3528423126457
6,12,3.71540831644416,1,7.72582228758411
8,10,4.27747628227947,3,6.39019370317336
16,13,9.88529383465239,3,7.56191703698489
3,10,1,2,7.89466479927802
2,14,0,4,3.19116288506551
13,14,8.5726188823134,0,15.9315558129695
22,14,6.78329842143176,7,10.0277791863172
43,11,6.3903535742557,3,6.35813017328067
16,13,3.40151584562405,2,9.06402297364873
36,10,8.45758722751304,8,15.1658672366038
26,16,3.76047377114258,0,3.46410161513775
35,12,5.75689256456146,4,7.86893552623547
21,12,2.79523953604467,1,8.28543899402284
16,17,4.60112924000293,0,12.0520232532229
104,18,3.51690315006111,1,6.64558847556649
71,16,10.6792066590084,5,15.3167629392356
9,13,4.64398437900346,2,6.57079764148041
55,16,4.6745943135733,8,16.6804041412014
53,18,3.3712940809174,1,8.8549662233009
4,16,4.78725606661776,7,7.93966251513946
19,15,5.61592492622799,2,7.64000210221248
5,31,1,0,6.68128116462074
14,12,4.99739903900985,1,4.72178101338728
32,13,3.24179126587036,5,6.92195901176562
21,11,1.68179283050743,1,8.53669134071139
16,11,7.19179627105632,10,9.1006451348234
35,13,4.79485953386379,8,9.8740942961486
2,11,2.43914158438487,5,7.12649180131576
48,22,5.29332623288851,5,11.3213129108656
15,11,5.32229947721398,5,6.72426896945963
8,18,5.40023476083706,7,9.23342961552938
250,29,10.7304676779857,9,15.4216209607296
27,17,9.7496626483733,5,14.6055014866155
58,12,4.05744464214688,2,7.6839983094788
4,12,3.73183929326643,2,5.66679367103373
73,31,7.69157829012376,6,8.12166958945686
55,14,6.85566636332725,6,16.7342346503778
26,10,2.79291189435518,3,6.08836822500271
33,16,2.93285618089327,3,8.67642689962961
90,16,6.46235828795703,6,12.67618363294
97,22,8.24218613007395,15,15.6140769493518
9,13,2.57014939333222,1,7.75948485277611
16,14,4.84656639766889,7,5.59381702366103
34,23,3.65968825633319,0,8.74811191737076
30,11,6.09642816622277,7,5.03885174392579
17,11,4.03828068240339,4,7.4621976186749
25,10,1.49125259956102,6,11.2966506905555
4,25,2.29752634579773,2,10.7249669536452
138,28,10.129734174646,10,10.9313770634649
20,10,4.53529588883795,7,9.78633762097625
16,13,7.46577504036739,4,10.6068648139207
84,18,9.88689705051074,8,20.8171764293309
42,33,7.44832149473657,4,11.9229515499247
57,16,2.88209288194119,6,6.58270639040812
19,21,3.73401886303937,4,8.89991168571118
57,26,5.89425689884675,7,11.0737886515734
80,17,3.22705715473047,1,5.47752163090442
7,18,2.28560076095367,3,11.2199411675736
54,27,5.77735789893178,1,9.44357328572212
59,19,3.18819118921142,1,3.54863756589733
4,12,3.32084235110641,2,4.86283974211633
19,19,5.69432583449511,6,18.6171640006735
43,19,3.19120390096262,1,8.28772928601488
11,27,3.29991833325814,1,11.1613682396966
17,10,2.56843371497582,1,5.8860570325049
8,10,3.87462056164217,11,11.0135627487172
45,19,2.83362550785217,1,9.86613252974701
25,15,2.25768494868613,2,5.5637031757482
13,15,4.5555478483438,9,6.26292646307361
3,11,2.29440538087975,1,3.10148843624948
40,10,3.88065804485684,6,10.6837685137936
11,11,4.61562331056393,5,14.3169251671697
15,10,3.48708025803854,0,8.84912415618982
22,16,6.53828516058891,4,5.66264696492937
34,12,10.7115746838351,4,8.06182571309633
16,13,4.25118005763707,0,13.4560174952549
13,10,6.79374781187723,1,10.4523282514683
3617,44,2.70390198118554,0,8.47196241432436
53,16,10.3881090315801,9,10.04855897426
12,15,3.04693126117838,5,5.72042766683996
47,21,6.16533666828721,3,10.4555583211218
72,15,5.60158088944935,8,7.45996478163958
233,11,7.87240096035433,13,11.1425647925668
21,23,3.39627149244636,5,4.28777633899267
63,15,5.02005545541525,9,7.29535382664803
13,11,8.62688108401082,10,16.9768173759909
3262,43,2.65215249322773,0,7.80559056001926
2,12,5.54135711895372,5,8.54500477916085
10,13,3.68916142405731,3,5.06835246282657
17,23,3.46751289201744,1,7.92204016950846
31,11,2.28942848510666,2,6.14282805631853
27,13,5.52472115793314,6,8.142639524487
6,11,3.60020574367851,0,7.59340547997835
2,13,0,4,4.83407746686535
5,13,3.06222107195545,1,4.59811880081899
5,15,4.17098937584507,7,7.52111477746742
146,19,6.04834925131315,6,6.61280633836444
69,22,3.4011699971081,1,7.95361093889731
16,19,2.56275668927115,3,8.11167296793448
55,30,2.87307571384455,8,9.61172821197838
49,11,5.32361059199007,3,10.233658924995
23,10,7.90233184627707,10,12.666406480675
19,15,2.44948974278318,7,6.55272543578582
15,16,3.13624138311936,3,6.86471816067145
19,11,3.7080339972704,8,10.2085483219991
4,13,1.33994031910284,0,10.7598287159606
15,25,8.1345295078498,5,12.1890397452563
47,13,8.36995682581823,6,19.2710583691887
52,10,5.64898952324193,10,12.4814510374212
8,15,2.46446092163779,3,11.7421044824921
31,12,6.95478265202373,6,13.4549663312168
5,18,0,1,10.3063436185146
13,19,2.07976341242035,3,7.19662624926818
36,10,5.41633221064474,5,7.66366967379424
11,10,3.24733232258186,1,15.8495861675615
33,11,7.5847364849153,5,19.0823543463675
51,24,3.30790025313367,2,13.2391430870043
3,10,6,1,6
78,14,7.46588839835765,10,17.5171010382735
16,11,2.34846165796901,2,9.68487999751508
23,11,4.91387565804229,5,12.9200969819512
18,11,2.75095904720097,4,9.36647125963698
12,12,2.51188643150958,1,5.15226828146233
3,12,1,1,2.76357289995373
51,21,6.85797061042688,1,8.71211338211652
28,10,3.7052355782933,0,4.478616523594
130,15,9.78667315735944,10,9.13334899126929
4,10,3.17087280950091,2,3.61652423985236
35,28,7.82768602990153,1,7.0487599499988
11,16,4.83972171258748,0,9.29370444653623
58,18,7.56709165280555,3,7.04381092227922
11,15,2.1136653100462,3,4.39056188705492
7,18,5.82847668325146,3,11.99947775609
6,19,2.05976714390712,2,14.0979162616329
2,14,2,1,3.4924996914344
19,15,0,0,3
33,15,1.65572404289224,1,7.130931188164
4,14,3.48775056320643,1,4.95215062085599
28,16,7.95010358387659,9,9.05260472127661
11,10,3.07370470890596,0,3.89458872246067
3,10,10.9544511501033,2,5.89829161918488
16,20,2.03964890265551,2,3.34244223306921
19,15,3.51765575070948,3,7.43615102462904
103,28,4.185159321204,5,10.0268375460658
71,18,2.74193449009642,5,3.6239005637223
63,16,4.33217971474802,4,7.48322362815017
54,11,12.6311521932444,9,19.065782926385
41,11,5.70221135559201,4,14.9594959572513
19,11,8.00625082102689,4,12.8034718628024
61,16,7.54486403852067,3,7.05879667832488
17,12,9.75940504162941,11,8.43835632215607
58,12,3.01050368065525,3,7.26573089528546
20,17,5.78823717450703,5,6.00529336350453
23,20,6.36110236614966,6,8.65094619440738
15,17,5.76375218395966,10,9.33257803917868
24,14,3.19083163995789,3,3.91560042367388
25,14,2.4655485369771,1,6.54418806883688
10,10,2.57761113602769,3,5.58494854067153
50,11,4.74160722828183,6,10.8028966860541
100,22,9.70131681334509,6,9.57551326829195
41,11,3.86825415074099,2,4.89919737690602
17,10,2.81372483811715,3,7.81302146481679
27,14,13.5674326095575,2,11.6402514481661
47,14,2.06687740873775,0,7.11455606858611
11,18,3.03127464811684,0,3.58191941158549
59,14,4.72120483316616,3,8.8942714624626
13,16,4.227335859913,0,6.99573161781518
14,12,2.68534961428265,2,11.246515616068
62,27,5.9259676370732,11,11.6181067934933
10,25,2.80956649067879,3,7.13606661092982
21,11,6.58508571588037,1,6.07768829481709
16,11,4.18625719457634,8,8.81087085591951
3,12,0,0,7.11538744086083
8,12,1,1,5.10210936359913
12,10,4.69276757450002,2,8.3368970541131
52,15,9.19575694461114,3,12.1698556684487
8,10,3.87314706694766,2,3.54866697927724
25,14,9.66194800453053,3,11.3716643623878
35,12,3.05634215783678,3,7.633345368972
72,24,3.46767668161394,0,8.73471773494576
16,10,3.23352307647154,0,11.4986568299575
3,21,2.44948974278318,0,6.47142888847522
8,10,3.99308740667113,5,7.64019924349839
10,19,2.16493094204131,2,5.84249529116647
35,17,5.33094315437315,0,6.83850140685204
23,12,4.37011150492168,3,14.9609953219746
64,13,7.61304333900872,7,11.8876186365806
33,16,7.82725290077249,6,10.5248558908558
2,11,2.88907268898342,9,10.2643900677929
1305,33,2.09887587510583,4,7.73712895583575
23,24,5.38519580396104,3,5.70259433503738
18,14,3.24539533281039,2,13.079498510378
52,19,7.91571328808509,6,15.3879611204945
6,12,2.04767251107922,1,16.4208191484686
50,10,9.88017653987004,5,9.80719272194897
15,18,3.41716907399681,4,7.29669533955724
4,16,5.96629000083781,4,7.72274288305127
14,14,3.0875258115302,2,3.9210374378486
7,10,2.47376767418541,6,6.615264094886
55,14,5.11568371599167,3,9.991330301367
58,30,4.87128458936814,5,7.35948911143605
14,25,3.25984442754959,6,11.1659865275772
26,10,4.30934029608535,0,7.56179061316282
40,16,3.78692917576191,5,5.68863830790925
3,10,3,2,8.34342138887844
8,23,2.96663005496095,6,10.8235686470504
15,15,8.27950799474057,2,13.7042095979786
45,16,7.91612395290891,4,11.9820487211106
2,10,7.07106781186548,0,8.07499821250872
129,31,5.41340597130777,5,11.3871485024991
42,13,12.4552964310008,4,22.2426824822826
70,28,4.97289626375849,3,6.82862452942714
18,11,2.75095904720097,1,3.87001486147057
7,10,6.34422758064338,5,6.47237947469095
4,21,1,1,7.51282710609887
3,13,1.44224957030741,2,8.30271273743197
16,24,4.89036926225261,8,9.12526800458635
3,21,0,0,6.90269797194763
23,10,5.23547475604885,4,5.39437370490216
24,32,3.44562205756531,0,5.73757729471762
26,26,6.3080453971185,3,8.11912403444283
2,11,2,3,6.84847629565493
11,13,3.25650904898196,1,10.5655196986102
34,12,4.10131090969101,2,8.96948443667249
56,25,8.00734537465142,6,16.7740049805706
14,16,2.01022953987659,3,4.29864023489275
66,19,5.07173956056814,2,9.61040678117602
43,10,5.61755131305832,7,8.47394554663387
15,13,4.9349311586025,3,4.55310161513015
42,11,4.32349078110305,1,5.19779173192057
25,11,4.05072285547543,5,7.89890683703425
9,10,4.71545462768641,2,10.6058004440865
7,11,1.64375182951723,0,4.16324672186148
14,10,8.83176086632785,0,10.6277861029465
69,18,12.1738396942356,11,10.0900074028108
12,17,2.74552194682708,0,3.07290934337361
29,21,1.85539884438595,0,6.19248065459016
9,20,5.9751028753087,2,8.74454991216883
12,13,3.37266623533955,2,8.72900220706196
9,14,2.63882810295677,1,3.03861504223304
11,10,5.7240599639146,2,10.0661808176638
73,26,7.54372079992079,7,8.37028229909783
46,10,3.60710782460429,4,6.99020305667673
58,17,5.98101583814943,7,12.0392127990932
17,12,5.89532200246252,7,12.4020988211619
29,13,3.04415722372012,5,6.80486981194242
27,10,3.13266768663575,3,4.20837843269581
20,14,2.92241089852663,2,7.83592474779188
10,13,1,0,6.28641260476326
2650,41,2.47876347864518,0,8.61743596599049
102,14,8.02511463867184,3,5.10126125367385
8,15,4.78569690444913,4,6.27449839631712
15,11,6.87805547515497,6,6.75794522078579
101,18,6.32500228164007,9,10.0065227039276
43,11,2.45016458376472,7,14.4082822660691
36,14,3.9559723454648,5,6.44215839948871
49,13,3.51703579412304,6,5.60364698252605
32,16,4.50985212735177,9,12.4950293338336
129,14,6.77830492978079,5,6.75019669834459
22,14,4.68854818610854,4,6.87543391635443
26,12,5.31194701199544,5,11.7129422687163
54,13,4.99899685609061,7,6.78294913264979
17,10,3.30497012721288,4,5.13719793418625
18,27,3.58071863236898,2,6.90905008186115
10,10,3.50350741677066,2,9.76170763415899
8,15,2.56177997059046,1,12.5612677383324
18,11,6.6527129292243,7,23.9878903799595
24,10,3.45568340404771,5,6.65597423377124
16,10,2.69301334699243,6,6.55644996089834
4,13,14.4913767461894,4,4.94746160622834
2,19,0,0,10.0836061475214
19,14,4.73561962484196,10,14.841735698308
95,22,3.43715528524506,10,9.63631315691107
21,17,3.12832626834346,4,4.46473775855295
24,13,2.81984848192536,2,5.77037103622726
82,15,4.24971067354848,7,7.52762453266889
17,16,4.05962719035238,3,3.76998410308574
25,13,9.29462843412515,2,13.6360366944572
84,18,3.38182613764408,1,12.4640553777304
26,23,5.44524955091791,6,12.0332969705749
7,19,2.15443469003188,2,2
37,16,5.07807166061726,3,11.6217267518875
37,20,9.38189362886584,5,12.6495212171311
98,15,6.80129745389506,13,10.1406717371675
7,23,3.22138931910848,2,3.39852287976549
6,19,2.04767251107922,3,5.71769002171617
17,11,4.64340137680085,8,7.055797028106
18,14,4.41000905376446,8,17.7019527365797
65,27,4.8092951927647,7,6.68584749693878
2,10,3.16227766016838,6,7.88405896052764
57,13,6.02969303640689,11,11.2832494627112
44,18,6.24775626684376,3,8.99320214358302
32,15,6.57393236569465,6,7.45475804278736
39,11,5.28898401493453,6,6.21017881285143
24,10,5.02456266170397,4,8.99254863722316
47,10,10.0102363805879,5,8.55967748549405
47,12,3.50539332406936,1,9.57624146487833
14,22,3.46111612328982,9,9.45373880174516
36,15,3.21472523722745,3,11.4309988179626
57,10,4.60706385284196,7,10.4048659995267
5,10,3.30975091964687,0,12.0310798008942
46,21,3.70279895377207,3,7.87324052514029
59,16,3.63655310917665,5,9.24117585088184
72,27,3.26912675074406,6,10.1294248206583
101,24,4.80301796428906,4,6.09622451788136
21,14,1.85145065588173,0,7.7721933045544
40,16,5.53622796850064,2,6.72467900379124
13,10,6.16733395538434,5,9.64025497297738
64,27,6.8063842111935,0,5.24158263854802
9,22,1.68179283050743,1,5.8839992305061
25,14,9.66194800453053,2,4.90025376888531
73,28,5.69801085155417,6,9.94856687536231
7,11,5.68698479301346,3,8.48149831747411
81,16,4.72628564855588,4,11.9325461794205
50,10,8.29083553308655,11,12.0170677343613
10,15,9.34465745671052,2,6.09418387920411
127,15,5.96305899591022,6,4.99584752050833
102,14,8.02511463867184,6,7.43646772961363
62,14,4.79776956625981,5,10.1847657690871
40,15,4.07439952045362,2,14.2288475555202
2,11,2.08723661325224,0,7.55846168896061
68,11,5.97387225424086,5,4.88679587453976
2,12,3.93850179575281,6,11.7733073608531
4,10,2.6313528405633,0,10.7103037513801
6,12,2.07721470550126,0,5.99670642230645
42,14,5.6820152678259,5,13.1702740825262
10,12,5,1,8.97549117679135
79,29,5.95367000394559,6,4.81575983286921
28,16,4.17530326341105,1,4.20179695209538
53,13,3.49418870265581,2,3.93641365575451
15,11,5.10036251370122,10,7.74102383330159
4,10,3.64311476473234,3,5.21011464342991
47,16,4.3836660316622,7,13.6938081032732
46,21,10.3258229398556,8,13.2645080773503
9,17,1,0,3.97770564321133
13,12,3.71228797885267,6,4.79947103495244
16,18,9.04659958414528,4,16.2560570406552
23,29,7.61591378387345,4,5.9193667954701
54,13,4.99899685609061,4,13.5793981265998
2,11,3.16227766016838,1,3.37394249895636
63,22,8.30287444060804,8,8.24084553267866
85,24,3.63700503607103,2,3.99239851619567
13,20,7.42920245791971,0,13.1366860433989
43,10,9.07108092223592,3,8.5723212890964
7,20,1.56508458007329,1,3.62966613088503
45,15,5.14207384498804,4,9.65922863768668
26,19,2.72078474270566,5,6.07047579227854
14,14,8.13532724157945,7,8.67107396818521
46,17,4.54024782365935,0,11.5447890217216
11,25,1.44224957030741,1,14.381455152166
21,10,4.07505079141396,1,6.12450761110743
14,11,2.9056526762039,5,6.79129333957721
4,10,3.16227766016838,0,10.1216682306966
36,21,8.14309769292035,6,7.25572516236877
48,12,3.79701085435185,4,7.55047197706811
50,13,5.22671630409637,4,8.4037862264475
20,21,5.5773951384456,5,10.718457534687
9,14,3.02262495076021,0,6.38958395731297
12,18,5.40796409290803,10,6.18909176399716
14,13,5.94748494292273,4,13.1171272420025
102,12,8.93980885467236,9,7.84069662156241
95,16,7.97927370558019,10,12.7086815482245
118,36,8.16277058059114,11,9.87907846351761
37,17,8.57132664629754,7,7.63832673622995
17,10,3.5242009776728,2,5.77731311195062
13,11,6.71469870569949,4,12.2479424457232
3,11,8.36660026534076,4,3.26361573004611
15,13,3.30727726701753,4,6.21292800132617
65,12,3.78427313959516,3,4.18221081718572
12,10,3.07381610282568,2,3.93248174883549
19,12,3.38056372929168,4,3.08849137112776
4,11,0,1,5.6479030894074
42,22,4.4131152159901,6,7.11813626091947
5,12,1,0,4.07875253794894
31,15,4.12959034738336,2,7.43214756020815
14,19,2.30286863541833,1,4.88751222022181
5,10,2.69029574370495,2,3.87405135151156
89,21,4.91145951344309,2,5.74845423926564
5,15,3.20265777111539,7,6.56342320544982
10,10,3.29226773641542,1,3.58282293690333
40,10,5.14010156322959,4,10.5622509086584
118,14,9.39599120012616,11,14.5974445507269
16,20,7.79174608468048,7,5.89806764778256
46,13,5.47275723427727,4,9.85199786560814
91,12,9.32551497975843,7,10.7854996272584
42,12,7.1575970922017,4,13.261821207733
100,29,4.34612866751343,0,5.13562947983688
52,14,4.11782651877369,7,11.6680442262324
64,14,6.62419600983608,7,9.74014027453637
11,10,6.08616226799401,4,6.36248004976431
69,17,4.91503084041776,6,10.0039216413202
20,11,4.99036813206893,6,6.8926178999366
6,10,3.99282112361662,3,9.09066831624084
41,14,4.29058142947324,5,6.28800682583225
109,25,5.29579520561236,4,7.59507181241985
49,14,9.74337349654317,3,7.07915714420525
104,23,8.12847632531003,1,11.9880977504204
21,10,5.617836685462,9,8.04466457528241
21,12,5.20965089289351,4,16.0928113542372
129,13,9.096476618558,9,12.1475877444546
48,14,9.09632680826539,12,12.7929638569705
23,21,1.88626168964303,0,7.3949131147164
87,15,5.23192963318063,9,8.09089227073559
15,13,8.46696803397715,5,11.5861048127495
160,27,3.5433590126652,2,8.74131901221311
22,11,4.27239097325592,2,5.86238800633798
10,13,3.19496678158826,1,6.29636540294972
78,14,11.7747284545304,8,8.37110228109169
19,15,2.83773168923477,1,11.8433604073346
7,15,4.50132523658904,4,6.72957562678152
2,15,12.4676496821141,6,5.95548427691424
28,12,3.43933941071845,4,8.87213432800185
7,20,1,0,4.88517446219411
67,19,4.88067211613052,8,8.14815197621556
51,13,6.56269963270353,7,9.79067489068018
6,20,0,6,7.90394670088505
27,17,4.17895173013697,2,3.90975082840744
145,17,6.79784974528162,9,9.13424500042112
7,16,3.19268469523899,1,3.47602664488645
54,11,0,3,8.23164490383202
15,19,3.88061537131644,5,5.37745446867031
9,12,4.93792556208896,0,12.2841855491984
5,14,2.09216383728643,2,5.09145979004366
14,15,2.30032663379121,0,12.8866586374
39,15,5.40985671517669,5,7.77732583262657
19,14,5.2779688591899,4,9.69721986550621
84,16,6.36165325580984,10,9.46707090876938
19,10,4.16639536969243,1,12.5010998313179
37,13,6.16984232857219,4,6.99027868338336
202,21,6.57247957814767,6,9.73767590030167
23,15,8.74799359596043,11,15.231292153551
4,11,3.67551477178934,5,4.1296857483754
